"1";"1";"progress";"전진(하다), 진보(하다)";"2";"620";"639"
"2";"1";"propose";"제안하다";"2";"657";"679"
"3";"1";"produce";"생산하다";"2";"649";"660"
"4";"1";"protect";"보호하다";"3";"671";"684"
"5";"1";"pros and cons";"찬반양론";"2";"668";"686"
"6";"1";"predict";"예언하다";"3";"648";"693"
"7";"1";"precaution";"조심";"2";"662";"696"
"8";"1";"premature";"시기상조의";"2";"614";"645"
"9";"1";"preview";"미리보기";"3";"675";"698"
"10";"1";"forehead";"이마";"3";"690";"711"
"11";"1";"forefather";"선조";"2";"672";"692"
"12";"1";"foremost";"으뜸가는";"3";"642";"661"
"13";"1";"foresee";"예견하다";"2";"663";"690"
"14";"1";"postpone";"연기하다";"3";"647";"673"
"15";"1";"postscript";"추신";"2";"662";"679"
"16";"1";"income";"수입";"2";"674";"696"
"17";"1";"indoor";"실내의";"1";"663";"678"
"18";"1";"infect";"감염시키다";"1";"649";"672"
"19";"1";"insight";"통찰력";"3";"651";"661"
"20";"1";"invest";"투자하다";"1";"678";"695"
"21";"2";"outcome";"결과, 성과";"3";"371";"384"
"22";"2";"outline";"개요(를 서술하다)";"1";"387";"393"
"23";"2";"outlook";"전망, 예측";"3";"344";"372"
"24";"2";"outstanding";"두드러진";"3";"372";"395"
"25";"2";"outlet";"배출구, 상점";"1";"345";"353"
"26";"2";"outdo";"~보다 뛰어나다";"1";"343";"371"
"27";"2";"utter";"전적인, 말하다";"2";"363";"390"
"28";"2";"utmost";"최대의, 극도의";"3";"379";"395"
"29";"2";"overcome";"극복하다";"3";"366";"380"
"30";"2";"overlook";"간과하다, 내려다보다";"3";"356";"375"
"31";"2";"overseas";"해외로, 외국의";"2";"401";"405"
"32";"2";"overhead";"머리 위에, 머리 위의";"2";"392";"399"
"33";"2";"overtake";"따라잡다, 덮치다";"3";"363";"380"
"34";"2";"overwhelm";"압도하다";"3";"350";"374"
"35";"2";"overthrow";"전복(시키다)";"1";"410";"432"
"36";"2";"overwork";"과로(하다)";"1";"375";"381"
"37";"2";"extracurricular";"과외의";"1";"364";"379"
"38";"2";"extraordinary";"이상한, 비범한";"3";"377";"386"
"39";"2";"extraterrestrial";"외계의, 외계인";"1";"367";"384"
"40";"2";"extrovert";"외향적인 사람";"1";"364";"378"
"41";"3";"recover";"회복하다";"2";"358";"367"
"42";"3";"recycle";"재활용하다";"3";"366";"373"
"43";"3";"replace";"대신하다, 대체하다";"3";"345";"369"
"44";"3";"reproduce";"생식하다, 복제하다";"2";"360";"379"
"45";"3";"revive";"소생시키다(하다)";"3";"373";"398"
"46";"3";"remain";"여전히 ~인 상태이다, 남다";"2";"376";"398"
"47";"3";"remove";"제거하다";"3";"365";"389"
"48";"3";"represent";"대표하다, 나타내다";"2";"352";"377"
"49";"3";"international";"국제적인";"2";"342";"362"
"50";"3";"interpret";"통역하다, 해석하다";"3";"336";"390"
"51";"3";"interfere";"간섭하다, 방해하다";"2";"337";"353"
"52";"3";"interaction";"상호 작용";"2";"363";"390"
"53";"3";"dialog(ue)";"대화";"1";"361";"387"
"54";"3";"dialect";"방언";"2";"337";"353"
"55";"3";"diameter";"지름";"3";"367";"376"
"56";"3";"transfer";"전근(하다), 갈아타다";"3";"334";"359"
"57";"3";"transform";"변형시키다";"3";"377";"394"
"58";"3";"translate";"번역하다, 해석하다";"2";"323";"370"
"59";"3";"transplant";"이식(하다)";"3";"371";"391"
"60";"4";"depress";"낙담시키다";"3";"305";"315"
"61";"4";"despise";"경멸하다";"3";"254";"267"
"62";"4";"depart";"떠나다, 출발하다";"1";"288";"297"
"63";"4";"detect";"발견하다";"3";"286";"295"
"64";"4";"descend";"내려가다, 전해지다";"3";"262";"276"
"65";"4";"detach";"떼어내다";"3";"261";"270"
"66";"4";"declare";"선언하다";"3";"282";"292"
"67";"4";"debate";"논쟁(하다)";"3";"293";"300"
"68";"4";"undergraduate";"대학생(의)";"2";"290";"295"
"69";"4";"undergo";"겪다";"3";"273";"284"
"70";"4";"undertake";"떠맡다";"3";"287";"297"
"71";"4";"exhale";"내뿜다";"1";"268";"286"
"72";"4";"expand";"팽창하다";"3";"305";"312"
"73";"4";"explicit";"명백한";"2";"278";"302"
"74";"4";"expose";"노출시키다";"3";"259";"270"
"75";"4";"exaggerate";"과장하다";"3";"290";"303"
"76";"4";"exchange";"교환(하다)";"3";"282";"286"
"77";"4";"exhaust";"지치게 하다";"2";"289";"303"
"78";"4";"extinct";"멸종한";"3";"282";"291"
"79";"4";"exceed";"초과하다";"2";"486";"520"
"80";"4";"ex-convict";"전과자";"1";"270";"277"
"81";"5";"uneasy";"불안한";"1";"304";"321"
"82";"5";"unfair";"불공평한";"1";"305";"310"
"83";"5";"unfortunate";"불운한";"1";"304";"316"
"84";"5";"unlikely";"~할 것 같지 않은";"2";"288";"298"
"85";"5";"unusual";"유별난";"1";"311";"321"
"86";"5";"unlock";"열다";"2";"318";"322"
"87";"5";"disagree";"일치하지 않다";"1";"314";"324"
"88";"5";"disappear";"사라지다";"2";"318";"322"
"89";"5";"discourage";"낙담시키다";"1";"326";"330"
"90";"5";"disorder";"무질서";"2";"302";"310"
"91";"5";"dismiss";"일축하다, 해고하다";"3";"300";"319"
"92";"5";"dispose";"배열하다, 처분하다";"2";"286";"305"
"93";"5";"display";"전시(하다)";"3";"314";"317"
"94";"5";"differ";"다르다";"3";"334";"341"
"95";"5";"independent";"독립한";"2";"313";"321"
"96";"5";"inevitable";"피할 수 없는";"3";"305";"320"
"97";"5";"inexpensive";"저렴한";"1";"326";"330"
"98";"5";"illegal";"불법의";"2";"328";"336"
"99";"5";"immoral";"부도덕한";"1";"315";"329"
"100";"5";"irrelevant";"관계 없는";"2";"299";"323"
"101";"6";"antibiotic";"항생 물질";"3";"295";"310"
"102";"6";"antibody";"항체";"1";"313";"332"
"103";"6";"antarctic";"남극의";"2";"298";"306"
"104";"6";"antonym";"반의어";"2";"310";"333"
"105";"6";"contrast";"대조(하다)";"2";"301";"328"
"106";"6";"contrary";"반대(의)";"3";"282";"318"
"107";"6";"counterattack";"반격(하다)";"2";"289";"296"
"108";"6";"counterfeit";"위조의, 위조하다";"1";"280";"318"
"109";"6";"counterpart";"상대방";"2";"290";"336"
"110";"6";"controversy";"논쟁";"3";"275";"314"
"111";"6";"withdraw";"그만두다, 물러나다";"3";"290";"327"
"112";"6";"withhold";"(꼭 쥐고) 주지 않다";"3";"304";"326"
"113";"6";"withstand";"저항하다, 견디다";"3";"286";"307"
"114";"6";"separate";"분리된, 분리시키다(되다)";"3";"302";"336"
"115";"6";"secure";"안전한, 안전하게 하다";"3";"327";"339"
"116";"6";"select";"선택하다";"2";"286";"293"
"117";"6";"segregate";"차별하다, 분리하다";"2";"294";"330"
"118";"7";"superior";"우수한, 상급자";"3";"226";"237"
"119";"7";"superb";"뛰어난";"2";"199";"215"
"120";"7";"superficial";"표면의";"3";"203";"232"
"121";"7";"sovereign";"통치자, 주권이 있는";"1";"223";"236"
"122";"7";"surface";"표면";"2";"218";"227"
"123";"7";"uphold";"지지하다, 떠받치다";"2";"184";"203"
"124";"7";"upright";"똑바로 선";"2";"221";"228"
"125";"7";"upset";"화난, 화나게 하다";"3";"230";"234"
"126";"7";"upside";"위쪽";"1";"253";"264"
"127";"7";"submarine";"잠수함, 해저의";"2";"244";"246"
"128";"7";"subconscious";"잠재의식(의)";"1";"225";"231"
"129";"7";"suffer";"겪다";"2";"232";"240"
"130";"7";"suggest";"제안하다, 암시하다";"2";"232";"241"
"131";"7";"support";"지지(하다)";"3";"215";"238"
"132";"7";"suppress";"진압하다, 억제하다";"3";"234";"245"
"133";"7";"anticipate";"예상하다, 기대하다";"3";"195";"212"
"134";"7";"antique";"고대의, 골동품";"3";"230";"239"
"135";"7";"advantage";"이점";"3";"236";"242"
"136";"7";"ancestor";"조상";"2";"215";"222"
"137";"7";"ancient";"고대의";"2";"200";"222"
"138";"7";"advance";"전진(하다), 진보(하다)";"3";"216";"237"
"139";"8";"company";"회사";"1";"234";"234"
"140";"8";"compile";"편집하다";"2";"199";"209"
"141";"8";"compose";"구성하다";"3";"239";"245"
"142";"8";"compromise";"타협(하다)";"3";"219";"222"
"143";"8";"conform";"순응하다";"3";"209";"239"
"144";"8";"confront";"직면하다";"3";"218";"224"
"145";"8";"correspond";"대응하다, 일치하다";"3";"208";"222"
"146";"8";"confirm";"확인하다";"3";"228";"240"
"147";"8";"condense";"요약하다";"3";"196";"220"
"148";"8";"sympathy";"동정";"3";"220";"229"
"149";"8";"symphony";"교향곡";"2";"215";"217"
"150";"8";"synchronize";"동시에 발생하다";"1";"228";"241"
"151";"8";"synthetic";"합성의";"3";"213";"226"
"152";"8";"multimedia";"멀티미디어(의)";"1";"237";"242"
"153";"8";"multiple";"다수의, 배수(의)";"2";"207";"221"
"154";"8";"multitude";"다수, 군중";"2";"210";"233"
"155";"8";"absorb";"흡수하다";"2";"233";"238"
"156";"8";"abnormal";"비정상적인";"3";"237";"241"
"157";"8";"absolute";"완전한";"2";"220";"226"
"158";"8";"absurd";"어리석은";"3";"220";"234"
"159";"9";"enable";"가능하게 하다";"3";"222";"225"
"160";"9";"enforce";"강요하다";"1";"226";"237"
"161";"9";"enlarge";"확장하다";"1";"247";"249"
"162";"9";"enrich";"부유하게 하다";"2";"214";"215"
"163";"9";"entitle";"자격을 주다";"1";"229";"238"
"164";"9";"enclose";"둘러싸다";"3";"219";"224"
"165";"9";"autobiography";"자서전";"2";"216";"221"
"166";"9";"autograph";"사인(하다)";"3";"214";"229"
"167";"9";"automobile";"자동차(의)";"1";"210";"215"
"168";"9";"telepathy";"텔레파시";"1";"216";"219"
"169";"9";"telescope";"망원경";"2";"207";"212"
"170";"9";"perfect";"완전한, 완벽하게 하다";"1";"234";"237"
"171";"9";"permanent";"영구적인";"3";"208";"217"
"172";"9";"persevere";"노력하다, 견디다";"2";"193";"215"
"173";"9";"persist";"고집하다";"3";"213";"228"
"174";"9";"persuade";"설득하다";"3";"215";"222"
"175";"9";"perfume";"향수";"2";"229";"231"
"176";"9";"perspective";"관점";"3";"202";"212"
"177";"10";"adjust";"조정하다, 적응하다";"3";"189";"198"
"178";"10";"accompany";"동행하다";"3";"203";"205"
"179";"10";"account";"계좌, 원인";"3";"205";"207"
"180";"10";"accumulate";"모으다, 축적하다";"3";"205";"218"
"181";"10";"accuse";"고발하다, 비난하다";"3";"189";"202"
"182";"10";"accustomed";"익숙해진";"1";"190";"205"
"183";"10";"appoint";"임명하다, 정하다";"2";"189";"197"
"184";"10";"approach";"접근(하다), 다루다";"3";"212";"217"
"185";"10";"abandon";"버리다, 포기하다";"3";"192";"204"
"186";"10";"await";"기다리다";"2";"193";"199"
"187";"10";"arrogant";"거만한";"3";"209";"216"
"188";"10";"aboard";"배 위에, 안에서";"2";"202";"216"
"189";"10";"abroad";"외국에,해외로";"2";"204";"213"
"190";"10";"alike";"서로 같은";"2";"238";"242"
"191";"10";"arise";"발생하다, 깨다";"3";"181";"198"
"192";"10";"arouse";"일으키다, 깨우다";"2";"191";"209"
"193";"10";"amaze";"깜짝 놀라게 하다";"2";"202";"203"
"194";"10";"ashamed";"부끄러워하는";"3";"200";"202"
"195";"10";"geography";"지리학";"2";"203";"218"
"196";"10";"geology";"지질학";"3";"188";"198"
"197";"10";"geometry";"기하학";"3";"202";"208"
"198";"11";"monarch";"군주, 제왕";"1";"102";"108"
"199";"11";"monolog(ue)";"독백";"1";"137";"140"
"200";"11";"union";"조합, 결합";"2";"117";"122"
"201";"11";"unique";"독특한, 유일한";"2";"122";"123"
"202";"11";"unify";"통일하다";"3";"123";"127"
"203";"11";"unity";"단결, 통일성";"2";"120";"127"
"204";"11";"universe";"우주, 전 세계";"1";"120";"122"
"205";"11";"bicycle";"자전거";"1";"116";"117"
"206";"11";"bilingual";"2개 국어 구사자";"2";"133";"140"
"207";"11";"duplicate";"복사하다";"3";"134";"144"
"208";"11";"twilight";"황혼";"2";"133";"133"
"209";"11";"twist";"꼬다, 왜곡하다";"1";"109";"109"
"210";"11";"triangle";"삼각형";"1";"122";"124"
"211";"11";"tribe";"부족";"3";"118";"124"
"212";"11";"triple";"세 배의";"2";"114";"116"
"213";"11";"trivial";"사소한";"3";"116";"126"
"214";"11";"hemisphere";"반구";"3";"126";"127"
"215";"11";"semi-annual";"연 2회의, 반년의";"1";"119";"120"
"216";"11";"semi-final";"준결승";"1";"126";"128"
"217";"11";"quadrangle";"사각형";"1";"120";"126"
"218";"11";"quarter";"1/4, 15분";"1";"121";"122"
"219";"11";"quartet";"4중주";"1";"117";"121"
"220";"11";"pentagon";"오각형";"1";"118";"122"
"221";"11";"pentathlon";"5종 경기";"1";"105";"118"
"222";"11";"hexagon";"육각형";"1";"91";"93"
"223";"11";"september";"9월";"1";"118";"121"
"224";"11";"october";"10월";"1";"102";"105"
"225";"11";"octopus";"문어";"1";"120";"122"
"226";"11";"november";"11월";"1";"109";"113"
"227";"11";"decade";"10년간";"3";"111";"117"
"228";"11";"december";"12월";"1";"119";"123"
"229";"11";"decimal";"소수, 십진법의";"1";"101";"107"
"230";"11";"centigrade";"섭씨";"1";"101";"111"
"231";"11";"centimeter";"센티미터";"1";"124";"126"
"232";"11";"century";"1세기, 100년";"1";"118";"119"
"233";"11";"kilometer";"킬로미터";"1";"112";"114"
"234";"11";"million";"백만(의)";"1";"123";"128"
"235";"11";"millionaire";"백만장자";"2";"117";"122"
"236";"12";"movable";"움직일 수 있는";"1";"48";"48"
"237";"12";"reliable";"믿을 수 있는";"1";"52";"53"
"238";"12";"sensible";"분별있는";"3";"46";"50"
"239";"12";"careful";"주의깊은";"1";"40";"40"
"240";"12";"hopeful";"희망에 찬";"1";"55";"55"
"241";"12";"powerful";"강력한";"1";"37";"37"
"242";"12";"countless";"셀 수 없는";"1";"53";"54"
"243";"12";"endless";"끝없는";"1";"54";"54"
"244";"12";"eastern";"동쪽의";"1";"50";"50"
"245";"12";"western";"서쪽의";"1";"54";"54"
"246";"12";"southern";"남쪽의";"1";"43";"43"
"247";"12";"northern";"북쪽의";"1";"46";"46"
"248";"12";"basic";"기초적인";"1";"36";"37"
"249";"12";"typical";"전형적인";"3";"47";"48"
"250";"12";"familiar";"친근한";"2";"44";"45"
"251";"12";"supplementary";"보충의";"1";"42";"47"
"252";"12";"satisfactory";"만족하는";"1";"46";"48"
"253";"12";"costly";"비싼";"2";"39";"42"
"254";"12";"friendly";"우호적인";"1";"43";"45"
"255";"12";"famous";"유명한";"1";"49";"50"
"256";"12";"dangerous";"위험한";"1";"45";"46"
"257";"12";"fortunate";"운이 좋은";"1";"42";"46"
"258";"12";"favorite";"매우 좋아하는";"2";"46";"48"
"259";"12";"pleasant";"즐거운";"1";"37";"39"
"260";"12";"different";"다른";"1";"52";"55"
"261";"12";"foolish";"어리석은";"1";"41";"41"
"262";"12";"selfish";"이기적인";"2";"36";"38"
"263";"12";"national";"국가의";"1";"48";"49"
"264";"12";"spiritual";"정신적인";"1";"48";"49"
"265";"12";"active";"활동적인";"2";"292";"305"
"266";"12";"healthy";"건강한";"2";"50";"50"
"267";"12";"lucky";"운이 좋은";"1";"50";"51"
"268";"12";"childish";"유치한";"2";"49";"51"
"269";"12";"childlike";"천진난만한";"2";"39";"41"
"270";"12";"comparable";"비교될 만한";"1";"34";"34"
"271";"12";"comparative";"비교적인";"1";"35";"36"
"272";"12";"considerable";"상당한";"1";"42";"48"
"273";"12";"considerate";"생각이 깊은";"1";"48";"50"
"274";"12";"continual";"빈번한";"1";"38";"41"
"275";"12";"continuous";"끊임없는";"1";"43";"47"
"276";"12";"economic";"경제(학)의";"2";"38";"38"
"277";"12";"economical";"절약이 되는";"2";"53";"59"
"278";"12";"historic";"역사적으로 중요한";"2";"38";"38"
"279";"12";"historical";"역사(상)의";"2";"44";"45"
"280";"12";"industrial";"산업의";"1";"50";"50"
"281";"12";"industrious";"근면한";"1";"43";"46"
"282";"12";"intellectual";"지적인";"1";"47";"50"
"283";"12";"intelligent";"총명한";"1";"39";"42"
"284";"12";"respectable";"존경할 만한";"1";"50";"51"
"285";"12";"respectful";"경의를 표하는";"1";"47";"48"
"286";"12";"sensitive";"민감한";"3";"50";"50"
"287";"12";"social";"사회적인";"2";"69";"78"
"288";"12";"sociable";"사교적인";"1";"42";"44"
"289";"12";"literal";"글자 그대로의";"3";"246";"275"
"290";"12";"literary";"문학의";"2";"215";"253"
"291";"12";"literate";"읽고 쓸 줄 아는";"2";"221";"247"
"292";"12";"successful";"성공적인";"1";"49";"49"
"293";"12";"successive";"연속적인";"2";"48";"55"
"294";"12";"imaginable";"상상할 수 있는";"2";"41";"43"
"295";"12";"imaginative";"상상력이 풍부한";"2";"42";"42"
"296";"12";"imaginary";"상상의";"2";"49";"51"
"297";"12";"speaker";"연설가";"1";"43";"44"
"298";"12";"interviewer";"면접관";"1";"45";"45"
"299";"12";"employer";"고용주";"1";"48";"50"
"300";"12";"interviewee";"면접 대상자";"1";"45";"45"
"301";"12";"employee";"종업원";"1";"34";"36"
"302";"12";"inventor";"발명가";"1";"48";"49"
"303";"12";"prosecutor";"검사";"1";"32";"35"
"304";"12";"assistant";"보조자";"1";"54";"58"
"305";"12";"attendant";"수행원";"2";"43";"48"
"306";"12";"servant";"하인";"1";"53";"60"
"307";"12";"resident";"거주자";"2";"49";"49"
"308";"12";"artist";"예술가";"1";"240";"242"
"309";"12";"novelist";"소설가";"1";"52";"52"
"310";"12";"relative";"친척";"1";"51";"56"
"311";"12";"representative";"대표자";"2";"37";"45"
"312";"12";"secretary";"비서";"2";"44";"45"
"313";"12";"missionary";"전도사";"2";"38";"44"
"314";"12";"economics";"경제학";"2";"47";"48"
"315";"12";"politics";"정치학";"2";"34";"37"
"316";"12";"physics";"물리학";"2";"51";"51"
"317";"12";"logic";"논리학";"3";"235";"249"
"318";"12";"appearance";"출현, 외모";"1";"61";"64"
"319";"12";"difference";"차이(점)";"1";"62";"62"
"320";"12";"certainty";"확실성";"1";"45";"47"
"321";"12";"ability";"능력";"2";"53";"53"
"322";"12";"discovery";"발견";"1";"48";"48"
"323";"12";"bravery";"용감(성)";"1";"43";"43"
"324";"12";"arrival";"도착";"1";"38";"38"
"325";"12";"proposal";"제안";"1";"41";"46"
"326";"12";"creature";"창조물";"2";"48";"49"
"327";"12";"failure";"실패";"1";"47";"47"
"328";"12";"agreement";"동의";"1";"42";"43"
"329";"12";"assessment";"평가";"1";"46";"52"
"330";"12";"movement";"움직임";"2";"42";"42"
"331";"12";"translation";"번역";"1";"44";"44"
"332";"12";"introduction";"소개";"1";"49";"52"
"333";"12";"invitation";"초대";"2";"43";"43"
"334";"12";"truth";"진실";"1";"38";"39"
"335";"12";"width";"너비";"1";"47";"48"
"336";"12";"kindness";"친절";"1";"52";"53"
"337";"12";"weakness";"허약함";"1";"52";"53"
"338";"12";"accuracy";"정확함";"2";"37";"42"
"339";"12";"privacy";"사생활";"1";"46";"46"
"340";"12";"citizenship";"시민권";"1";"50";"52"
"341";"12";"leadership";"통솔력";"1";"44";"44"
"342";"12";"childhood";"유년기";"1";"42";"43"
"343";"12";"neighborhood";"근처, 이웃";"1";"58";"58"
"344";"12";"realism";"현실주의";"1";"40";"41"
"345";"12";"socialism";"사회주의";"1";"41";"42"
"346";"12";"criticism";"비평";"1";"31";"34"
"347";"12";"booklet";"소책자";"1";"40";"40"
"348";"12";"leaflet";"전단";"1";"43";"52"
"349";"12";"cigarette";"담배";"1";"36";"38"
"350";"12";"realize";"실현하다";"2";"57";"58"
"351";"12";"civilize";"문명화하다";"1";"265";"269"
"352";"12";"originate";"유래하다";"2";"44";"47"
"353";"12";"motivate";"동기를 부여하다";"3";"65";"66"
"354";"12";"justify";"정당화하다";"2";"225";"235"
"355";"12";"simplify";"단순화하다";"2";"34";"34"
"356";"12";"deepen";"깊게 하다";"1";"46";"48"
"357";"12";"frighten";"무섭게 하다";"1";"43";"44"
"358";"12";"loudly";"큰소리로";"1";"34";"35"
"359";"12";"comfortably";"편안하게";"1";"43";"44"
"360";"12";"eastward";"동쪽으로";"1";"49";"52"
"361";"12";"upward";"위쪽으로";"1";"35";"36"
"362";"12";"always";"항상";"1";"48";"49"
"363";"12";"anyway";"어쨋든";"1";"42";"42"
"364";"12";"otherwise";"달리";"1";"38";"43"
"365";"13";"agent";"대리점, 중개인";"2";"261";"278"
"366";"13";"agony";"극심한 고통";"2";"206";"260"
"367";"13";"active";"활동적인";"2";"292";"305"
"368";"13";"actual";"실제의";"1";"261";"270"
"369";"13";"react";"반응하다";"2";"242";"247"
"370";"13";"navigate";"길을 찾다, 항해하다";"2";"259";"266"
"371";"13";"altitude";"고도";"3";"249";"264"
"372";"13";"abolish";"폐지하다";"3";"241";"266"
"373";"13";"adolescent";"사춘기 청소년(의)";"2";"256";"275"
"374";"13";"adult";"성인(이 된)";"2";"257";"264"
"375";"13";"alter";"바꾸다";"3";"240";"261"
"376";"13";"alternative";"대안";"3";"264";"295"
"377";"13";"alien";"외국(인)의";"3";"265";"268"
"378";"13";"anguish";"극심한 고통";"1";"216";"279"
"379";"13";"anxious";"걱정하는, 열망하는";"2";"256";"276"
"380";"13";"anniversary";"기념일";"2";"255";"268"
"381";"13";"annual";"해마다의";"3";"256";"270"
"382";"14";"apt";"~하는 경항이 있는";"1";"173";"179"
"383";"14";"adapt";"적응시키다";"3";"186";"190"
"384";"14";"attitude";"태도";"3";"210";"216"
"385";"14";"artificial";"인공의";"3";"200";"207"
"386";"14";"artisan";"장인";"1";"168";"178"
"387";"14";"artist";"예술가";"1";"240";"242"
"388";"14";"disaster";"재난";"3";"209";"210"
"389";"14";"astronaut";"우주 비행사";"2";"210";"212"
"390";"14";"astronomy";"천문학";"3";"177";"194"
"391";"14";"astrology";"점성학";"2";"187";"199"
"392";"14";"consider";"생각하다, 간주하다";"3";"206";"208"
"393";"14";"audience";"청중";"3";"181";"185"
"394";"14";"obey";"복종하다";"2";"210";"217"
"395";"14";"bandage";"붕대(를 감다)";"1";"190";"191"
"396";"14";"bond";"결속, 본드";"3";"203";"205"
"397";"14";"bundle";"다발";"2";"168";"172"
"398";"14";"bind";"묶다";"2";"208";"215"
"399";"14";"barrier";"울타리";"3";"181";"191"
"400";"14";"bar";"주점, 장애(물)";"2";"199";"205"
"401";"14";"embarrass";"당황하게 하다";"3";"191";"193"
"402";"14";"biography";"전기";"2";"183";"211"
"403";"14";"biology";"생물학";"3";"183";"188"
"404";"15";"capital";"수도, 중심지";"2";"228";"232"
"405";"15";"capable";"~할 수 있는, 유능한";"3";"216";"218"
"406";"15";"capture";"생포하다, 캡쳐하다";"3";"210";"216"
"407";"15";"chief";"중요한, 최고의";"2";"206";"217"
"408";"15";"achieve";"성취하다";"3";"217";"223"
"409";"15";"occupy";"차지하다";"3";"204";"226"
"410";"15";"participate";"참가하다";"3";"212";"218"
"411";"15";"accept";"수락하다";"3";"233";"243"
"412";"15";"except";"~를 제외하고";"2";"213";"219"
"413";"15";"deceive";"속이다";"3";"203";"220"
"414";"15";"receive";"받다";"2";"209";"212"
"415";"15";"perceive";"인지하다";"3";"203";"220"
"416";"15";"conceive";"상상하다, 고안하다";"3";"188";"229"
"417";"15";"conceit";"자만심";"1";"203";"228"
"418";"15";"career";"직업";"3";"213";"218"
"419";"15";"carpenter";"목수";"2";"216";"220"
"420";"15";"carriage";"탈 것";"2";"202";"218"
"421";"15";"carrier";"운송 회사, 운반기";"1";"202";"220"
"422";"15";"charge";"비용";"3";"211";"218"
"423";"15";"discharge";"해임하다";"3";"206";"218"
"424";"16";"cast";"드리우다, 던지다, 배우";"3";"218";"236"
"425";"16";"broadcast";"방송하다";"2";"234";"240"
"426";"16";"forecast";"예상(하다)";"1";"207";"234"
"427";"16";"precede";"앞서가다";"3";"197";"226"
"428";"16";"exceed";"넘다, 초과하다";"2";"486";"520"
"429";"16";"proceed";"계속하다, 나아가다";"1";"193";"215"
"430";"16";"succeed";"성공하다, 계승하다";"2";"217";"229"
"431";"16";"predecessor";"전임자";"2";"217";"237"
"432";"16";"incessant";"끊임없는";"1";"203";"228"
"433";"16";"access";"접근(성), 통로";"3";"225";"244"
"434";"16";"cease";"그만두다";"3";"192";"221"
"435";"16";"concentrate";"집중하다";"2";"220";"242"
"436";"16";"eccentric";"괴상한";"1";"225";"259"
"437";"16";"concern";"걱정(하다), 관계(하다)";"2";"203";"216"
"438";"16";"discern";"인식하다";"3";"163";"216"
"439";"16";"discriminate";"차별하다, 식별하다";"3";"200";"215"
"440";"16";"crisis";"위기";"2";"212";"221"
"441";"16";"criticize";"비판하다";"2";"207";"220"
"442";"16";"certain";"확실한, 어떤";"1";"218";"227"
"443";"16";"certificate";"증명서";"2";"197";"219"
"444";"17";"accident";"사고, 우연한 일";"1";"214";"232"
"445";"17";"incident";"사건";"3";"205";"234"
"446";"17";"casual";"우연한, 평상복";"3";"215";"221"
"447";"17";"occasion";"때";"2";"182";"205"
"448";"17";"decay";"썩다";"3";"232";"248"
"449";"17";"suicide";"자살";"3";"222";"227"
"450";"17";"decision";"결정";"1";"219";"225"
"451";"17";"precise";"정확한";"3";"208";"227"
"452";"17";"circular";"원형의";"2";"229";"237"
"453";"17";"circulate";"돌다";"2";"174";"207"
"454";"17";"circumstance";"환경";"3";"200";"224"
"455";"17";"circuit";"순회";"1";"200";"218"
"456";"17";"cite";"언급하다, 인용하다";"1";"198";"229"
"457";"17";"recite";"낭송하다";"2";"193";"216"
"458";"17";"excite";"흥분시키다";"1";"235";"245"
"459";"17";"civil";"시민의";"3";"217";"230"
"460";"17";"civilize";"문명화하다";"1";"265";"269"
"461";"17";"citizen";"시민";"1";"203";"215"
"462";"17";"claim";"주장(하다), 요구(하다)";"3";"199";"223"
"463";"17";"exclaim";"외치다";"2";"206";"237"
"464";"17";"proclaim";"선언하다";"3";"200";"220"
"465";"17";"council";"의회";"3";"207";"216"
"466";"18";"decline";"감소하다";"3";"149";"158"
"467";"18";"inclined";"~할 마음이 있는";"1";"150";"174"
"468";"18";"climate";"기후";"2";"189";"192"
"469";"18";"conclude";"결론을 내리다";"3";"142";"154"
"470";"18";"include";"포함하다";"3";"165";"169"
"471";"18";"exclude";"제외하다, 배제하다";"3";"146";"150"
"472";"18";"closet";"벽장";"3";"188";"189"
"473";"18";"disclose";"폭로하다";"3";"146";"163"
"474";"18";"recognize";"식별하다, 인정하다";"3";"174";"185"
"475";"18";"diagnose";"진단하다";"3";"160";"175"
"476";"18";"ignore";"무시하다";"2";"190";"192"
"477";"18";"noble";"귀족";"3";"178";"180"
"478";"18";"acknowledge";"인정하다, 감사하다";"3";"173";"186"
"479";"18";"acquaint";"주다, 숙지시키다";"2";"137";"157"
"480";"18";"cordial";"진심 어린, 우정 어린";"2";"158";"179"
"481";"18";"discord";"불일치";"1";"150";"164"
"482";"18";"accord";"일치";"3";"163";"188"
"483";"18";"courage";"용기";"1";"152";"165"
"484";"18";"encourage";"용기를 북돋우다";"2";"174";"176"
"485";"18";"core";"핵심";"3";"188";"190"
"486";"18";"corporate";"회사의";"2";"154";"168"
"487";"18";"corps";"군단";"2";"156";"166"
"488";"19";"create";"창조하다";"1";"137";"170"
"489";"19";"recreate";"개조하다";"1";"161";"168"
"490";"19";"increase";"증가하다";"3";"147";"152"
"491";"19";"decrease";"감소하다";"3";"167";"199"
"492";"19";"concrete";"구체적인, 콘크리트";"3";"128";"130"
"493";"19";"recruit";"채용하다, 신병";"3";"143";"188"
"494";"19";"credit";"신용 거래";"1";"137";"145"
"495";"19";"incredible";"믿기지 않는, 뛰어난";"3";"147";"148"
"496";"19";"creed";"신념";"2";"147";"187"
"497";"19";"cultivate";"경작하다";"3";"127";"136"
"498";"19";"culture";"문화";"1";"137";"143"
"499";"19";"agriculture";"농업";"3";"138";"174"
"500";"19";"colony";"식민지";"2";"141";"179"
"501";"19";"current";"현재의";"3";"142";"154"
"502";"19";"curriculum";"교과 과정";"3";"143";"178"
"503";"19";"excursion";"소풍";"1";"122";"146"
"504";"19";"occur";"발생하다";"3";"141";"146"
"505";"19";"cure";"치료(하다)";"2";"146";"177"
"506";"19";"curious";"호기심이 강한";"2";"154";"192"
"507";"19";"accurate";"정확한";"2";"137";"145"
"508";"19";"damage";"손해(를 입히다)";"1";"150";"181"
"509";"19";"condemn";"비난하다";"2";"135";"148"
"510";"20";"debt";"빚";"3";"152";"158"
"511";"20";"due";"~하기로 되어 있는";"3";"147";"151"
"512";"20";"duty";"의무";"3";"139";"145"
"513";"20";"render";"~를 ~하게 하다";"3";"108";"135"
"514";"20";"surrender";"항복(하다)";"3";"136";"141"
"515";"20";"add";"추가하다";"2";"152";"153"
"516";"20";"edition";"판";"1";"151";"152"
"517";"20";"rent";"집세, 임대하다";"3";"130";"136"
"518";"20";"dictate";"구술하다, 명령하다";"1";"149";"155"
"519";"20";"addict";"중독자";"3";"138";"149"
"520";"20";"contradict";"반박하다";"3";"140";"151"
"521";"20";"dedicate";"헌신하다";"3";"137";"149"
"522";"20";"indicate";"가리키다";"3";"124";"136"
"523";"20";"index";"색인";"2";"132";"140"
"524";"20";"donation";"기부";"2";"142";"144"
"525";"20";"anecdote";"일화";"2";"110";"123"
"526";"20";"dose";"복용량";"2";"126";"137"
"527";"20";"conduct";"수행하다, 이끌다";"3";"139";"151"
"528";"20";"educate";"교육하다";"1";"153";"154"
"529";"20";"deduct";"빼다";"1";"139";"165"
"530";"20";"induce";"설득하다, 야기하다";"3";"123";"139"
"531";"20";"introduce";"소개하다";"1";"153";"154"
"532";"20";"reduce";"줄이다";"3";"126";"132"
"533";"21";"electric";"전기의";"2";"181";"193"
"534";"21";"electronic";"전자의";"2";"175";"189"
"535";"21";"equal";"같은, 같다";"1";"151";"167"
"536";"21";"equivalent";"동등한(것)";"3";"158";"169"
"537";"21";"adequate";"충분한, 적당한";"3";"152";"165"
"538";"21";"identify";"확인하다";"2";"170";"186"
"539";"21";"essence";"본질";"3";"185";"190"
"540";"21";"absent";"결석한";"1";"165";"176"
"541";"21";"present";"현재의, 주다, 선물";"3";"183";"185"
"542";"21";"estimate";"평가하다";"2";"163";"179"
"543";"21";"overestimate";"과대평가하다";"1";"164";"169"
"544";"21";"esteem";"존경(하다)";"2";"148";"168"
"545";"21";"fable";"우화";"2";"197";"205"
"546";"21";"fate";"운명";"2";"178";"183"
"547";"21";"fame";"명성";"3";"186";"193"
"548";"21";"infancy";"유아기";"2";"175";"185"
"549";"21";"preface";"머리말";"2";"151";"162"
"550";"21";"confess";"시인하다, 고백하다";"3";"152";"166"
"551";"21";"profess";"공언하다";"2";"164";"188"
"552";"22";"manufacture";"생산(하다)";"3";"197";"207"
"553";"22";"facility";"편의 시설";"3";"172";"188"
"554";"22";"faculty";"재능";"1";"161";"210"
"555";"22";"factor";"요소";"3";"184";"200"
"556";"22";"factual";"사실적인";"2";"189";"210"
"557";"22";"effect";"효과";"1";"182";"202"
"558";"22";"affect";"영향을 미치다";"3";"188";"196"
"559";"22";"defect";"결점";"3";"187";"202"
"560";"22";"fiction";"소설";"2";"198";"208"
"561";"22";"proficient";"능숙한";"3";"177";"201"
"562";"22";"sufficient";"충분한";"3";"166";"187"
"563";"22";"efficient";"능률적인";"3";"180";"197"
"564";"22";"profit";"수익";"2";"180";"207"
"565";"22";"benefit";"이익";"2";"198";"205"
"566";"22";"qualify";"자격을 주다";"3";"208";"223"
"567";"22";"satisfy";"만족시키다";"2";"198";"201"
"568";"22";"affair";"일, 사건";"3";"161";"183"
"569";"22";"false";"거짓의";"2";"183";"198"
"570";"22";"fail";"실패하다";"1";"213";"217"
"571";"22";"fault";"잘못";"2";"165";"181"
"572";"22";"fare";"요금";"2";"178";"190"
"573";"22";"farewell";"작별(인사), 작별의";"1";"176";"200"
"574";"22";"welfare";"복지";"3";"201";"211"
"575";"23";"defend";"방어하다";"1";"169";"172"
"576";"23";"offend";"화나게 하다";"2";"153";"169"
"577";"23";"prefer";"더 좋아하다";"3";"169";"176"
"578";"23";"refer";"언급하다";"3";"154";"168"
"579";"23";"confer";"의논하다";"2";"141";"170"
"580";"23";"infer";"추론하다";"2";"157";"174"
"581";"23";"indifferent";"무관심한, 사심없는";"3";"165";"171"
"582";"23";"fertile";"비옥한";"3";"164";"170"
"583";"23";"confident";"자신만만한";"2";"176";"184"
"584";"23";"faith";"신뢰";"3";"166";"171"
"585";"23";"defy";"반항하다";"2";"150";"165"
"586";"23";"final";"최후의";"2";"177";"179"
"587";"23";"finance";"재정";"3";"178";"186"
"588";"23";"confine";"한정하다";"3";"168";"182"
"589";"23";"refine";"정제하다";"3";"152";"169"
"590";"23";"define";"정의하다";"2";"157";"168"
"591";"23";"infinite";"무한한";"3";"157";"161"
"592";"23";"reflect";"반사하다";"3";"179";"185"
"593";"23";"flexible";"유연한";"3";"186";"187"
"594";"23";"conflict";"대립(하다)";"3";"156";"174"
"595";"23";"inflict";"가하다";"2";"147";"173"
"596";"24";"fluid";"액체";"3";"128";"132"
"597";"24";"fluent";"유창한";"3";"145";"148"
"598";"24";"influence";"영향";"3";"121";"123"
"599";"24";"influenza";"독감";"2";"133";"135"
"600";"24";"form";"형태";"3";"147";"151"
"601";"24";"inform";"알리다";"2";"155";"159"
"602";"24";"reform";"개혁(하다)";"3";"142";"144"
"603";"24";"formula";"방식, 공식";"3";"150";"155"
"604";"24";"fort";"요새";"1";"122";"130"
"605";"24";"effort";"노력";"2";"155";"163"
"606";"24";"comfort";"안락, 위로";"3";"122";"126"
"607";"24";"force";"힘";"3";"157";"162"
"608";"24";"reinforce";"강화하다";"2";"149";"158"
"609";"24";"fragment";"파편";"3";"130";"136"
"610";"24";"fragile";"부서지기 쉬운";"3";"160";"166"
"611";"24";"fraction";"단편, 분수";"1";"129";"143"
"612";"24";"fund";"기금";"2";"138";"140"
"613";"24";"fundamental";"근본적인";"2";"128";"137"
"614";"24";"profound";"심오한";"3";"121";"128"
"615";"24";"found";"설립하다";"2";"147";"157"
"616";"24";"confuse";"혼동시키다";"3";"138";"140"
"617";"24";"refuse";"거절하다";"3";"141";"148"
"618";"24";"futile";"쓸모없는";"2";"134";"148"
"619";"24";"refund";"환불(하다)";"3";"147";"151"
"620";"25";"regard";"여기다";"3";"154";"165"
"621";"25";"garment";"의류";"3";"151";"164"
"622";"25";"guard";"경비원, 보호하다";"2";"176";"176"
"623";"25";"guarantee";"보증(하다)";"3";"151";"157"
"624";"25";"generate";"생산하다";"3";"130";"151"
"625";"25";"generous";"관대한";"3";"157";"164"
"626";"25";"general";"일반적인";"2";"122";"131"
"627";"25";"genetic";"유전학의";"1";"149";"157"
"628";"25";"genius";"천재";"3";"159";"161"
"629";"25";"gentle";"친절한";"1";"162";"166"
"630";"25";"genuine";"진짜의";"3";"122";"149"
"631";"25";"ingenious";"독창적인";"1";"136";"145"
"632";"25";"oxygen";"산소";"1";"165";"167"
"633";"25";"hydrogen";"수소";"3";"164";"165"
"634";"25";"pregnant";"임신한";"2";"141";"150"
"635";"25";"gesture";"몸짓";"1";"155";"157"
"636";"25";"digest";"소화하다";"2";"151";"158"
"637";"25";"register";"등록(하다)";"3";"154";"158"
"638";"25";"gradual";"점진적인";"3";"149";"162"
"639";"25";"graduate";"졸업하다";"1";"150";"153"
"640";"25";"aggressive";"공격적인";"2";"150";"157"
"641";"25";"congress";"국회";"2";"149";"162"
"642";"25";"degree";"정도, 학위";"2";"159";"159"
"643";"25";"ingredient";"재료";"3";"170";"178"
"644";"26";"graphic";"생생한, 그림의";"1";"189";"195"
"645";"26";"paragraph";"단락";"2";"167";"176"
"646";"26";"photograph";"사진(을 찍다)";"1";"183";"185"
"647";"26";"grammar";"문법";"1";"181";"181"
"648";"26";"gratitude";"감사";"2";"168";"196"
"649";"26";"congratulate";"축하하다";"2";"204";"210"
"650";"26";"agree";"동의하다";"1";"199";"201"
"651";"26";"grace";"우아함";"1";"185";"193"
"652";"26";"grave";"무덤, 중대한, 진지한";"2";"173";"183"
"653";"26";"aggravate";"악화시키다";"1";"170";"181"
"654";"26";"grieve";"슬프게 하다";"1";"172";"203"
"655";"26";"habit";"습관";"1";"192";"199"
"656";"26";"inhabit";"살다, 서식하다";"3";"163";"185"
"657";"26";"habitat";"서식지";"3";"194";"214"
"658";"26";"exhibit";"전시(하다)";"2";"179";"190"
"659";"26";"prohibit";"금지하다";"3";"185";"199"
"660";"26";"able";"할수있는, 유능한";"1";"188";"190"
"661";"26";"heredity";"유전";"3";"184";"207"
"662";"26";"heritage";"전통문화, 유산";"3";"171";"191"
"663";"26";"inherit";"상속하다";"3";"183";"213"
"664";"26";"heir";"상속인";"2";"155";"169"
"665";"27";"host";"주인";"1";"179";"180"
"666";"27";"hostile";"적대적인";"3";"160";"171"
"667";"27";"hospitable";"환대하는";"1";"169";"176"
"668";"27";"human";"인간(의)";"1";"180";"181"
"669";"27";"humble";"겸손한";"3";"167";"178"
"670";"27";"humility";"겸손";"1";"154";"178"
"671";"27";"peninsula";"반도";"2";"158";"161"
"672";"27";"isolate";"고립시키다";"3";"174";"175"
"673";"27";"exit";"출구, 나가다";"1";"167";"168"
"674";"27";"initial";"처음의, 이니셜";"3";"174";"178"
"675";"27";"initiate";"시작하다";"1";"155";"163"
"676";"27";"transit";"통행, 수송";"1";"162";"168"
"677";"27";"perish";"죽다";"3";"162";"180"
"678";"27";"issue";"논쟁, 발표하다";"3";"179";"184"
"679";"27";"inject";"주입하다";"3";"169";"172"
"680";"27";"object";"물체, 반대하다";"3";"157";"161"
"681";"27";"subject";"주제, 대상, 지배하다";"2";"177";"184"
"682";"27";"project";"계획(하다)";"1";"173";"183"
"683";"27";"reject";"거절하다, 불합격품";"3";"165";"166"
"684";"28";"just";"바로, 단지, 올바른";"1";"200";"204"
"685";"28";"justify";"정당화하다";"2";"225";"235"
"686";"28";"judge";"재판관, 판단하다";"2";"197";"198"
"687";"28";"prejudice";"편견(을 갖게 하다)";"3";"185";"196"
"688";"28";"injure";"상처 입히다";"3";"196";"197"
"689";"28";"labor";"노동(자), 일하다";"3";"187";"192"
"690";"28";"laboratory";"실험실";"3";"201";"207"
"691";"28";"elaborate";"정교한";"3";"174";"188"
"692";"28";"relate";"관계짓다";"3";"204";"209"
"693";"28";"legislate";"입법하다";"1";"202";"216"
"694";"28";"relax";"쉬다";"1";"200";"202"
"695";"28";"analyze";"분석하다";"3";"202";"212"
"696";"28";"paralyze";"마비시키다";"2";"196";"199"
"697";"28";"release";"석방(하다), 발매(하다)";"3";"186";"195"
"698";"28";"delay";"연기(하다)";"3";"223";"225"
"699";"28";"relay";"전달하다, 경주";"1";"178";"187"
"700";"29";"collect";"수집하다";"2";"154";"155"
"701";"29";"recollect";"생각해내다";"2";"156";"177"
"702";"29";"elect";"선출하다";"2";"188";"194"
"703";"29";"neglect";"무시(하다), 태만";"3";"166";"177"
"704";"29";"intellect";"지성, 지식인";"3";"164";"169"
"705";"29";"lecture";"강의(하다)";"2";"155";"162"
"706";"29";"elegant";"우아한";"2";"169";"178"
"707";"29";"legend";"전설";"2";"174";"176"
"708";"29";"diligence";"근면";"1";"168";"172"
"709";"29";"legal";"법률상의, 합법적인";"3";"150";"156"
"710";"29";"privilege";"특권";"3";"165";"178"
"711";"29";"delegate";"대리인, 위임하다";"3";"151";"170"
"712";"29";"legacy";"유산";"3";"158";"170"
"713";"29";"colleague";"동료";"2";"178";"187"
"714";"29";"loyal";"충성스러운";"3";"166";"173"
"715";"29";"elevate";"높이다, 올리다";"1";"163";"171"
"716";"29";"relevant";"관계있는, 관련된";"2";"182";"189"
"717";"29";"relieve";"경감시키다";"3";"173";"183"
"718";"29";"liberal";"개방적인, 자유주의의";"2";"145";"164"
"719";"29";"liberate";"자유롭게 하다";"1";"145";"169"
"720";"29";"deliver";"배달하다";"3";"183";"186"
"721";"30";"oblige";"강요하다, 베풀다";"2";"190";"209"
"722";"30";"religion";"종교";"1";"212";"227"
"723";"30";"ally";"동맹국, 동맹시키다";"1";"191";"211"
"724";"30";"rally";"집회, 모으다";"1";"195";"223"
"725";"30";"liable";"~하기 쉬운";"3";"193";"214"
"726";"30";"eliminate";"제거하다";"3";"200";"216"
"727";"30";"preliminary";"예비(의), 서두(의)";"2";"192";"205"
"728";"30";"limit";"제한(하다)";"2";"214";"216"
"729";"30";"literal";"글자 그대로의";"3";"246";"275"
"730";"30";"literate";"읽고 쓸 줄 아는";"2";"221";"247"
"731";"30";"literature";"문학";"1";"181";"215"
"732";"30";"literary";"문학의";"2";"215";"253"
"733";"30";"local";"지역의";"3";"212";"217"
"734";"30";"locate";"위치를 파악하다";"2";"214";"231"
"735";"30";"allocate";"할당하다";"1";"193";"216"
"736";"30";"logic";"논리(학)";"3";"235";"249"
"737";"30";"apology";"사과";"1";"196";"204"
"738";"30";"prolog(ue)";"머리말";"1";"183";"201"
"739";"30";"ecology";"생태학";"3";"217";"227"
"740";"30";"psychology";"심리학";"3";"217";"233"
"741";"31";"long";"바라다, 긴";"2";"165";"180"
"742";"31";"belong";"속하다";"2";"160";"166"
"743";"31";"prolong";"연장하다, 늘이다";"2";"127";"136"
"744";"31";"length";"길이, 기간";"2";"176";"178"
"745";"31";"linger";"오래 머무르다";"3";"146";"154"
"746";"31";"magnitude";"거대함, 중요성";"3";"146";"156"
"747";"31";"magnify";"확대하다";"2";"153";"164"
"748";"31";"master";"대가, 정통하다";"1";"138";"157"
"749";"31";"masterpiece";"걸작";"3";"164";"171"
"750";"31";"major";"주된, 전공(하다)";"2";"155";"159"
"751";"31";"mayor";"시장";"1";"147";"159"
"752";"31";"majestic";"위엄 있는";"1";"147";"163"
"753";"31";"maximum";"최대(한)(의)";"1";"152";"153"
"754";"31";"demand";"요구(하다), 수요";"3";"148";"154"
"755";"31";"command";"명령(하다)";"3";"139";"149"
"756";"31";"recommend";"추천하다";"3";"166";"169"
"757";"31";"manual";"안내서, 수동의";"2";"169";"174"
"758";"31";"manuscript";"원고";"2";"172";"174"
"759";"31";"maintain";"유지하다";"3";"165";"170"
"760";"31";"manage";"관리하다";"3";"165";"169"
"761";"31";"manipulate";"조종하다";"3";"167";"182"
"762";"32";"mechanism";"기계 장치";"1";"167";"180"
"763";"32";"mechanic";"기계공";"3";"159";"163"
"764";"32";"machinery";"기계류";"2";"169";"179"
"765";"32";"medium";"중간의";"2";"176";"179"
"766";"32";"medi(a)eval";"중세의";"1";"167";"174"
"767";"32";"mediate";"중재하다";"2";"148";"165"
"768";"32";"mediterranean";"지중해(의)";"2";"162";"164"
"769";"32";"immediate";"즉시의";"3";"152";"156"
"770";"32";"intermediate";"중급의";"2";"141";"160"
"771";"32";"mean";"의미하다, 비열한, 수단";"2";"170";"170"
"772";"32";"meanwhile";"그 동안에";"1";"153";"155"
"773";"32";"memory";"기억";"1";"157";"162"
"774";"32";"remember";"기억하다";"1";"159";"166"
"775";"32";"mental";"정신의";"3";"168";"171"
"776";"32";"mention";"언급하다";"3";"169";"173"
"777";"32";"comment";"의견(을 말하다)";"3";"140";"146"
"778";"32";"monument";"기념물";"2";"164";"167"
"779";"32";"monitor";"모니터, 관찰하다";"2";"161";"161"
"780";"32";"summon";"호출하다, 소환(하다)";"3";"138";"144"
"781";"32";"remind";"상기시키다";"2";"166";"168"
"782";"33";"commerce";"상업";"2";"192";"204"
"783";"33";"merchant";"상인";"2";"173";"184"
"784";"33";"mercy";"자비";"2";"181";"191"
"785";"33";"thermometer";"온도계";"2";"193";"199"
"786";"33";"measure";"측정하다";"3";"186";"190"
"787";"33";"dimension";"치수, 측면, 차원";"2";"174";"187"
"788";"33";"immense";"거대한";"3";"139";"159"
"789";"33";"immigrate";"이민 오다";"2";"169";"185"
"790";"33";"emigrate";"이민 가다";"2";"169";"183"
"791";"33";"minor";"작은, 부전공";"3";"169";"184"
"792";"33";"minister";"성직자, 장관";"2";"160";"172"
"793";"33";"administer";"관리하다, 집행하다";"3";"161";"176"
"794";"33";"diminish";"감소하다";"3";"158";"173"
"795";"33";"eminent";"저명한";"2";"141";"176"
"796";"33";"imminent";"긴박한";"2";"139";"163"
"797";"33";"prominent";"저명한";"3";"147";"178"
"798";"33";"minimum";"최소의";"2";"188";"191"
"799";"33";"miracle";"기적";"1";"171";"175"
"800";"33";"admire";"존경하다";"2";"180";"193"
"801";"33";"marvel(l)ous";"훌륭한, 재미있는";"1";"176";"190"
"802";"34";"admit";"시인하다, 허가하다";"3";"166";"194"
"803";"34";"commit";"범하다, 약속하다";"3";"155";"196"
"804";"34";"committee";"위원회";"3";"190";"204"
"805";"34";"emit";"내뿜다";"3";"169";"186"
"806";"34";"omit";"생략하다";"3";"156";"186"
"807";"34";"permit";"허락하다";"3";"184";"194"
"808";"34";"submit";"제출하다, 복종하다";"3";"186";"203"
"809";"34";"transmit";"보내다";"3";"186";"205"
"810";"34";"missile";"미사일";"1";"201";"207"
"811";"34";"mission";"임무";"2";"212";"214"
"812";"34";"commission";"위원회, 수수료";"1";"172";"205"
"813";"34";"mess";"더러움";"1";"186";"195"
"814";"34";"moderate";"중간의, 완화하다";"2";"188";"206"
"815";"34";"modernize";"현대화하다";"1";"191";"196"
"816";"34";"modest";"겸손한";"2";"179";"204"
"817";"34";"modify";"변경하다";"3";"190";"205"
"818";"34";"accommodate";"숙박시키다";"3";"181";"212"
"819";"34";"commodity";"상품";"2";"164";"202"
"820";"34";"mold";"틀(에 넣어 만들다)";"1";"172";"188"
"821";"34";"mortal";"죽을 운명의, 인간";"3";"195";"208"
"822";"34";"mortgage";"저당(권), 융자";"2";"192";"209"
"823";"34";"murder";"살인(하다)";"3";"181";"189"
"824";"35";"move";"이동하다";"1";"158";"160"
"825";"35";"motive";"동기";"2";"144";"149"
"826";"35";"emotion";"감정";"2";"153";"154"
"827";"35";"promote";"장려하다, 승진시키다";"2";"138";"147"
"828";"35";"remote";"먼, 원격 조정의";"3";"148";"155"
"829";"35";"moment";"순간, 때";"1";"159";"164"
"830";"35";"mob";"군중, 폭도, 떼";"2";"155";"161"
"831";"35";"community";"공동체";"2";"146";"151"
"832";"35";"communism";"공산주의";"2";"156";"164"
"833";"35";"communicate";"의사소통하다";"1";"151";"151"
"834";"35";"common";"공통의, 공통점";"1";"152";"158"
"835";"35";"mutual";"상호간의";"3";"126";"137"
"836";"35";"commute";"통근하다";"3";"130";"153"
"837";"35";"native";"출생지의, 원주민";"2";"147";"153"
"838";"35";"nation";"국가";"1";"144";"151"
"839";"35";"nature";"자연";"1";"141";"147"
"840";"35";"negative";"부정(의), 반대의";"3";"145";"147"
"841";"35";"deny";"부인하다";"3";"143";"149"
"842";"35";"neutral";"중립(의)";"3";"142";"160"
"843";"35";"norm";"표준";"1";"132";"138"
"844";"35";"enormous";"거대한, 막대한";"3";"145";"149"
"845";"36";"note";"메모, 주석, 주목하다";"1";"177";"178"
"846";"36";"notice";"알아차리다, 주목(하다)";"2";"151";"165"
"847";"36";"notify";"통보하다";"2";"138";"162"
"848";"36";"notion";"관념";"3";"151";"170"
"849";"36";"announce";"발표하다";"3";"149";"163"
"850";"36";"pronounce";"발음하다";"1";"168";"178"
"851";"36";"novel";"소설";"3";"167";"169"
"852";"36";"innovate";"혁신하다";"1";"175";"175"
"853";"36";"renew";"갱신하다";"3";"168";"171"
"854";"36";"nutrition";"영양분";"3";"163";"170"
"855";"36";"nourish";"영양분을 주다";"3";"159";"167"
"856";"36";"nurse";"간호사, 간호하다";"1";"168";"170"
"857";"36";"melody";"멜로디";"1";"171";"171"
"858";"36";"comedy";"희극(적 사건)";"1";"158";"161"
"859";"36";"tragedy";"비극(적 사건)";"1";"167";"176"
"860";"36";"operate";"작동하다, 수술하다";"2";"177";"177"
"861";"36";"cooperate";"협력하다, 협동하다";"2";"157";"158"
"862";"36";"option";"선택(권)";"2";"164";"167"
"863";"36";"adopt";"입양하다, 채택하다";"3";"160";"161"
"864";"36";"opinion";"의견";"1";"169";"170"
"865";"37";"ordinary";"보통의";"2";"185";"197"
"866";"37";"subordinate";"하급의, 하급자";"2";"183";"199"
"867";"37";"origin";"기원";"2";"186";"188"
"868";"37";"orient";"동양, 향하게 하다";"1";"171";"180"
"869";"37";"prepare";"준비하다";"3";"168";"174"
"870";"37";"apparatus";"기구";"3";"173";"192"
"871";"37";"emperor";"황제";"2";"189";"196"
"872";"37";"imperial";"제국의, 황제의";"3";"188";"196"
"873";"37";"apparent";"명백한, 외견상의";"3";"168";"188"
"874";"37";"transparent";"투명한";"1";"164";"181"
"875";"37";"appear";"~처럼 보이다";"2";"182";"189"
"876";"37";"compare";"비교하다, 비유하다";"3";"181";"184"
"877";"37";"peer";"동료, 응시하다";"3";"160";"171"
"878";"37";"partial";"부분적인, 편파적인";"3";"186";"203"
"879";"37";"partly";"부분적으로";"1";"195";"203"
"880";"37";"particle";"소량, 소립자";"3";"177";"189"
"881";"37";"particular";"특정한, 까다로운";"2";"168";"179"
"882";"37";"apart";"떨어져, 떨어진";"1";"173";"189"
"883";"37";"portion";"부분, 몫";"3";"171";"184"
"884";"37";"proportion";"비율";"3";"181";"197"
"885";"38";"passage";"통로";"3";"166";"182"
"886";"38";"passenger";"승객";"1";"160";"176"
"887";"38";"passerby";"통행인";"2";"146";"163"
"888";"38";"pastime";"오락";"2";"162";"181"
"889";"38";"surpass";"능가하다";"3";"136";"148"
"890";"38";"pace";"속도, 걸음";"1";"162";"165"
"891";"38";"pathetic";"한심한";"1";"121";"155"
"892";"38";"patient";"환자, 참을성 있는";"3";"176";"177"
"893";"38";"passion";"열정";"3";"155";"156"
"894";"38";"compassion";"동정";"3";"151";"169"
"895";"38";"patriot";"애국자";"3";"172";"178"
"896";"38";"patron";"후원자, 고객";"2";"155";"174"
"897";"38";"pattern";"양식, 무늬, 견본";"1";"169";"172"
"898";"38";"pedestrian";"보행자(의)";"2";"156";"175"
"899";"38";"expedition";"원정, 탐험(대)";"3";"184";"187"
"900";"38";"compel";"강요하다";"2";"160";"173"
"901";"38";"expel";"추방하다";"3";"154";"173"
"902";"38";"appeal";"호소(하다)";"3";"185";"191"
"903";"38";"impulse";"충동, 추진(력)";"3";"160";"172"
"904";"38";"penalty";"벌, 불이익";"2";"172";"172"
"905";"38";"painful";"괴로운, 아픈";"1";"176";"179"
"906";"38";"punish";"벌하다";"2";"177";"187"
"907";"39";"depend";"의지하다, 믿다";"3";"175";"184"
"908";"39";"suspend";"일시 중지하다, 걸다";"3";"138";"162"
"909";"39";"compensate";"보충하다, 보상하다";"2";"151";"168"
"910";"39";"pension";"연금";"1";"136";"158"
"911";"39";"ponder";"심사숙고하다";"3";"136";"151"
"912";"39";"experience";"경험(하다)";"2";"159";"171"
"913";"39";"experiment";"실험(하다)";"2";"156";"169"
"914";"39";"expert";"전문가(의)";"3";"169";"174"
"915";"39";"peril";"위험";"2";"147";"172"
"916";"39";"compete";"경쟁하다";"2";"177";"193"
"917";"39";"competence";"능력";"1";"137";"174"
"918";"39";"petition";"탄원(하다)";"2";"158";"179"
"919";"39";"appetite";"식욕";"3";"158";"171"
"920";"39";"repeat";"반복하다";"1";"164";"177"
"921";"39";"phantom";"유령";"1";"159";"164"
"922";"39";"phenomenon";"현상";"2";"161";"170"
"923";"39";"fantasy";"공상";"2";"165";"178"
"924";"39";"fancy";"화려한, 선호(하다)";"3";"146";"158"
"925";"39";"pant";"숨을 헐떡이다, 숨참";"1";"163";"182"
"926";"39";"emphasize";"강조하다";"3";"168";"180"
"927";"39";"phase";"단계(적으로 하다)";"3";"159";"175"
"928";"40";"applaud";"박수갈채하다";"2";"184";"190"
"929";"40";"explode";"폭발하다";"3";"152";"163"
"930";"40";"complete";"완전한, 완성하다";"3";"175";"180"
"931";"40";"complement";"보충물, 보충하다";"3";"150";"179"
"932";"40";"implement";"실행하다, 도구";"3";"146";"168"
"933";"40";"compliment";"칭찬(하다)";"2";"130";"162"
"934";"40";"accomplish";"성취하다";"3";"163";"173"
"935";"40";"supply";"공급(하다)";"1";"155";"165"
"936";"40";"plenty";"풍부함";"2";"159";"169"
"937";"40";"please";"기쁘게 하다, 제발";"1";"176";"184"
"938";"40";"plead";"간청하다";"2";"167";"177"
"939";"40";"complicate";"복잡하게 하다";"2";"158";"181"
"940";"40";"simplicity";"단순함";"1";"163";"166"
"941";"40";"complex";"복잡한, 복합건물";"3";"158";"168"
"942";"40";"perplex";"당황하게 하다";"2";"150";"183"
"943";"40";"imply";"내포하다, 암시하다";"2";"155";"175"
"944";"40";"apply";"지원하다, 적용하다";"3";"172";"182"
"945";"40";"diplomatic";"외교(상)의";"1";"161";"170"
"946";"40";"employ";"고용하다";"3";"186";"192"
"947";"40";"exploit";"착취하다, 개발하다";"2";"141";"155"
"948";"40";"explore";"탐험하다";"2";"170";"173"
"949";"40";"deplore";"한탄하다, 비판하다";"2";"158";"180"
"950";"41";"political";"정치상의";"1";"151";"156"
"951";"41";"policy";"정책";"3";"159";"161"
"952";"41";"metropolis";"대도시";"2";"121";"128"
"953";"41";"popular";"인기있는";"2";"168";"175"
"954";"41";"populate";"거주시키다";"2";"138";"159"
"955";"41";"public";"공공의, 공중";"1";"160";"166"
"956";"41";"publish";"출판하다";"3";"156";"167"
"957";"41";"republic";"공화국";"2";"151";"160"
"958";"41";"export";"수출(하다)";"1";"141";"148"
"959";"41";"import";"수입(하다)";"3";"164";"178"
"960";"41";"transport";"수송(하다)";"3";"164";"175"
"961";"41";"portable";"휴대용의";"2";"161";"165"
"962";"41";"opportunity";"기회";"3";"169";"173"
"963";"41";"pose";"포즈(를 취하다)";"2";"141";"143"
"964";"41";"positive";"긍정적인";"3";"139";"140"
"965";"41";"deposit";"예약금, 놓다";"2";"137";"160"
"966";"41";"impose";"부과하다, 강요하다";"3";"132";"151"
"967";"41";"purpose";"목적, 의도";"2";"161";"164"
"968";"41";"oppose";"반대하다, 저항하다";"3";"107";"116"
"969";"41";"suppose";"추측하다, 가정하다";"2";"163";"179"
"970";"41";"component";"구성 요소, 구성하는";"2";"150";"160"
"971";"41";"opponent";"상대";"2";"145";"164"
"972";"41";"compound";"합성하다, 합성물, 합성의";"3";"152";"169"
"973";"42";"possible";"가능한";"1";"39";"39"
"974";"42";"possess";"소유하다";"3";"38";"44"
"975";"42";"potential";"잠재적인, 잠재력";"3";"43";"44"
"976";"42";"precious";"귀중한";"2";"47";"50"
"977";"42";"appreciate";"이해하다, 감사하다";"2";"38";"44"
"978";"42";"praise";"칭찬(하다)";"1";"37";"39"
"979";"42";"priceless";"귀중한";"3";"38";"47"
"980";"42";"comprehend";"이해하다";"2";"41";"45"
"981";"42";"prison";"감옥";"1";"52";"53"
"982";"42";"imprison";"투옥하다";"3";"44";"47"
"983";"42";"enterprise";"기업";"3";"41";"43"
"984";"42";"surprising";"놀라운";"1";"40";"42"
"985";"42";"prey";"먹이";"3";"32";"36"
"986";"42";"pressure";"압력";"3";"38";"45"
"987";"42";"express";"표현하다, 속달(의)";"2";"46";"49"
"988";"42";"impress";"감동시키다";"2";"36";"39"
"989";"42";"oppress";"억압하다";"3";"43";"45"
"990";"43";"prime";"최상의, 전성기";"2";"38";"43"
"991";"43";"primary";"주요한, 처음의";"1";"38";"41"
"992";"43";"primitive";"원시의";"2";"31";"38"
"993";"43";"principal";"주요한, 교장";"2";"36";"39"
"994";"43";"principle";"원리";"3";"32";"39"
"995";"43";"prior";"먼저의, 중요한";"3";"23";"32"
"996";"43";"private";"사적인";"1";"47";"49"
"997";"43";"deprive";"박탈하다";"3";"39";"44"
"998";"43";"probable";"조사(하다)";"1";"22";"38"
"999";"43";"prove";"증명하다, 판명되다";"3";"37";"40"
"1000";"43";"approve";"찬성하다, 승인하다";"3";"26";"33"
"1001";"43";"proper";"적당한";"3";"34";"42"
"1002";"43";"property";"재산";"3";"30";"39"
"1003";"43";"appropriate";"적당한";"3";"29";"43"
"1004";"43";"punctual";"시간을 엄수하는";"3";"30";"37"
"1005";"43";"punctuate";"구두점을 찍다";"1";"28";"33"
"1006";"43";"disappoint";"실망시키다";"2";"44";"47"
"1007";"43";"dispute";"논쟁(하다)";"3";"32";"35"
"1008";"43";"reputation";"평판";"2";"34";"40"
"1009";"44";"acquire";"얻다";"3";"15";"18"
"1010";"44";"require";"필요로 하다, 요구하다";"3";"24";"24"
"1011";"44";"inquire";"묻다, 조사하다";"3";"21";"24"
"1012";"44";"conquer";"정복하다";"3";"18";"21"
"1013";"44";"request";"요청하다";"3";"12";"12"
"1014";"44";"exquisite";"정교한";"2";"19";"22"
"1015";"44";"range";"줄, 범위";"3";"32";"33"
"1016";"44";"arrange";"계획하다, 정돈하다";"3";"25";"28"
"1017";"44";"rank";"계급(을 매기다)";"2";"17";"18"
"1018";"44";"rate";"등급(을 매기다)";"1";"14";"16"
"1019";"44";"rational";"이성적인";"3";"25";"26"
"1020";"44";"reason";"이유";"1";"24";"24"
"1021";"44";"erect";"똑바로 선, 세우다";"3";"18";"21"
"1022";"44";"correct";"옳은, 정정하다";"3";"24";"24"
"1023";"44";"direct";"직접의, 지도하다";"2";"25";"26"
"1024";"44";"region";"지역";"3";"18";"18"
"1025";"44";"regular";"정기적인, 보통의";"1";"20";"21"
"1026";"44";"regulate";"규정하다";"2";"21";"23"
"1027";"44";"reign";"통치하다, 통치 기간";"3";"21";"23"
"1028";"44";"royal";"왕의";"3";"21";"21"
"1029";"44";"rotate";"회전하다";"1";"17";"17"
"1030";"44";"control";"통제(하다)";"2";"16";"17"
"1031";"44";"enrol(l)";"등록하다";"1";"17";"18"
"1032";"45";"bankrupt";"파산한, 파산시키다";"2";"14";"15"
"1033";"45";"corrupt";"부패한, 부패시키다";"3";"13";"16"
"1034";"45";"erupt";"분출하다";"3";"14";"16"
"1035";"45";"interrupt";"방해하다, 중단시키다";"3";"21";"22"
"1036";"45";"route";"길";"3";"18";"18"
"1037";"45";"routine";"일상적인(일)";"3";"23";"23"
"1038";"45";"sacred";"신성한, 종교적인";"3";"15";"17"
"1039";"45";"sacrifice";"희생(하다)";"2";"21";"22"
"1040";"45";"saint";"성인";"2";"14";"14"
"1041";"45";"ascend";"오르다, 승진하다";"2";"12";"13"
"1042";"45";"scale";"규모, 계급, 축척";"2";"20";"20"
"1043";"45";"escalator";"에스컬레이터";"1";"15";"15"
"1044";"45";"conscious";"알고 있는, 의식적인";"2";"21";"21"
"1045";"45";"conscience";"양심";"3";"12";"17"
"1046";"45";"scientific";"과학적인";"1";"13";"15"
"1047";"45";"describe";"묘사하다";"3";"16";"16"
"1048";"45";"prescribe";"처방하다";"3";"22";"24"
"1049";"45";"subscribe";"구독하다";"2";"18";"19"
"1050";"45";"ascribe";"~의 탓으로 돌리다";"2";"13";"15"
"1051";"45";"section";"부분, 구역";"2";"19";"19"
"1052";"45";"insect";"곤충";"2";"15";"15"
"1053";"45";"segment";"부분, 한 조각";"3";"15";"17"
"1054";"46";"sense";"감각, 느끼다";"1";"17";"17"
"1055";"46";"sensation";"감각, 대소동";"3";"15";"16"
"1056";"46";"nonsense";"무의미한 말";"1";"24";"24"
"1057";"46";"assent";"동의(하다)";"1";"12";"18"
"1058";"46";"sentiment";"감정, 감상";"3";"12";"15"
"1059";"46";"consent";"승낙(하다)";"3";"18";"21"
"1060";"46";"resent";"분개하다";"3";"18";"18"
"1061";"46";"scent";"향기";"2";"18";"20"
"1062";"46";"sequence";"연속";"3";"12";"17"
"1063";"46";"consequence";"결과";"3";"20";"24"
"1064";"46";"subsequent";"다음의";"2";"11";"12"
"1065";"46";"suit";"알맞다, 정장, 소송";"1";"18";"20"
"1066";"46";"pursue";"추구하다";"3";"20";"21"
"1067";"46";"execute";"처형하다, 실행하다";"3";"15";"16"
"1068";"46";"insert";"삽입하다";"3";"22";"22"
"1069";"46";"desert";"사막, 버리다";"2";"20";"20"
"1070";"46";"exert";"발휘하다, 노력하다";"2";"22";"28"
"1071";"46";"series";"연속";"2";"12";"12"
"1072";"46";"conserve";"보존하다";"2";"21";"21"
"1073";"46";"deserve";"받을 만 하다";"3";"18";"20"
"1074";"46";"preserve";"보호하다, 유지하다";"3";"17";"18"
"1075";"46";"observe";"관찰하다, 준수하다";"2";"25";"26"
"1076";"46";"reserve";"예약하다, 비축(하다)";"2";"28";"30"
"1077";"47";"reside";"거주하다";"3";"17";"19"
"1078";"47";"president";"대통령";"1";"22";"22"
"1079";"47";"session";"학기";"2";"24";"25"
"1080";"47";"settle";"해결하다, 정착하다";"3";"23";"26"
"1081";"47";"signature";"서명";"1";"21";"21"
"1082";"47";"signify";"표시하다, 중요하다";"3";"20";"21"
"1083";"47";"assign";"부여하다, 할당하다";"3";"19";"23"
"1084";"47";"resign";"사임하다";"2";"19";"21"
"1085";"47";"seal";"물개, 봉인, 봉하다";"3";"23";"23"
"1086";"47";"similar";"비슷한";"2";"22";"22"
"1087";"47";"resemble";"닮다";"2";"14";"16"
"1088";"47";"assemble";"모으다, 조립하다";"2";"22";"24"
"1089";"47";"seemingly";"겉보기에는";"1";"18";"19"
"1090";"47";"simulation";"흉내, 가상 실험";"1";"15";"16"
"1091";"47";"social";"사회의, 사교상의";"2";"69";"78"
"1092";"47";"associate";"연관시키다, 동료";"3";"25";"26"
"1093";"47";"sociology";"사회학";"1";"25";"25"
"1094";"47";"sole";"유일한";"3";"19";"22"
"1095";"47";"solitary";"고독한, 혼자의";"2";"20";"21"
"1096";"47";"solitude";"고독";"2";"22";"27"
"1097";"47";"desolate";"황량한, 쓸쓸한";"1";"20";"22"
"1098";"47";"solve";"풀다, 해결하다";"1";"18";"18"
"1099";"47";"resolve";"해결하다";"3";"21";"23"
"1100";"47";"dissolve";"녹이다, 해산시키다";"2";"24";"25"
"1101";"48";"philosophy";"철학";"1";"17";"17"
"1102";"48";"sophisticated";"세련된";"3";"20";"24"
"1103";"48";"sophomore";"2학년생";"2";"14";"17"
"1104";"48";"spectacle";"구경거리, 안경(s)";"3";"11";"13"
"1105";"48";"aspect";"국면, 모습";"3";"18";"19"
"1106";"48";"expect";"기대하다, 예상하다";"1";"20";"22"
"1107";"48";"inspect";"검사하다";"3";"14";"17"
"1108";"48";"respect";"존경(하다), 준수하다";"2";"25";"26"
"1109";"48";"prospect";"전망, 가능성";"3";"24";"28"
"1110";"48";"suspect";"의심하다, 용의자";"2";"20";"20"
"1111";"48";"species";"종(류)";"3";"17";"17"
"1112";"48";"specific";"특정한, 구체적인";"3";"30";"30"
"1113";"48";"special";"특별한";"1";"19";"19"
"1114";"48";"specimen";"견본";"2";"19";"21"
"1115";"48";"despite";"~에도 불구하고";"3";"30";"30"
"1116";"48";"prosper";"번영하다";"2";"25";"27"
"1117";"48";"despair";"절망(하다)";"3";"17";"18"
"1118";"48";"sphere";"구(형), 영역";"3";"16";"17"
"1119";"48";"atmosphere";"대기, 분위기";"3";"25";"25"
"1120";"48";"hemisphere";"반구";"3";"126";"127"
"1121";"49";"spirit";"정신, 영혼";"2";"20";"21"
"1122";"49";"aspire";"열망하다";"3";"20";"21"
"1123";"49";"expire";"만기가 되다";"2";"18";"21"
"1124";"49";"inspire";"고무시키다";"2";"17";"18"
"1125";"49";"respond";"반응하다";"2";"17";"18"
"1126";"49";"sponsor";"후원자, 후원하다";"1";"19";"19"
"1127";"49";"stand";"서다, 견디다, 입장";"2";"14";"14"
"1128";"49";"standard";"표준(의)";"2";"17";"17"
"1129";"49";"state";"상태, 주, 진술하다";"2";"18";"19"
"1130";"49";"statistics";"통계, 통계학";"2";"19";"20"
"1131";"49";"statue";"조각상";"2";"21";"22"
"1132";"49";"status";"지위";"3";"17";"19"
"1133";"49";"stable";"견고한, 마구간";"3";"20";"22"
"1134";"49";"establish";"설립하다";"3";"16";"17"
"1135";"49";"constant";"끊임없는, 불변의(것)";"3";"19";"21"
"1136";"49";"ecstasy";"황홀경";"2";"18";"22"
"1137";"49";"estate";"재산, 소유지";"3";"17";"21"
"1138";"49";"instance";"사례";"1";"22";"25"
"1139";"49";"instant";"즉석의, 즉시";"2";"15";"15"
"1140";"49";"obstacle";"장애(물)";"3";"15";"17"
"1141";"49";"substance";"물질, 본질, 요지";"3";"24";"26"
"1142";"50";"assist";"돕다";"3";"16";"19"
"1143";"50";"consist";"존재하다, 구성되다";"3";"15";"15"
"1144";"50";"exist";"존재하다";"3";"17";"17"
"1145";"50";"insist";"주장하다, 요구하다";"3";"22";"25"
"1146";"50";"resist";"반대하다, 견디다";"3";"15";"18"
"1147";"50";"arrest";"체포(하다)";"2";"25";"25"
"1148";"50";"cost";"비용(이 들다)";"2";"16";"16"
"1149";"50";"steady";"꾸준한, 안정된";"3";"22";"22"
"1150";"50";"system";"체계";"1";"21";"21"
"1151";"50";"constitute";"구성하다, 간주되다";"2";"18";"21"
"1152";"50";"institute";"학회, 제정하다";"2";"18";"19"
"1153";"50";"substitute";"대체하다, 대리인";"2";"18";"20"
"1154";"50";"destined";"~할 운명의";"1";"22";"22"
"1155";"50";"superstition";"미신";"3";"25";"28"
"1156";"50";"distinguish";"구별하다";"3";"18";"21"
"1157";"50";"extinguish";"끄다, 소멸시키다";"2";"21";"21"
"1158";"50";"distinct";"별개의, 확실한";"2";"10";"10"
"1159";"50";"instinct";"본능";"3";"19";"19"
"1160";"50";"stimulate";"자극시키다";"1";"24";"25"
"1161";"51";"strict";"엄격한";"2";"28";"29"
"1162";"51";"restrict";"제한하다";"3";"24";"30"
"1163";"51";"district";"구역";"2";"31";"35"
"1164";"51";"strain";"긴장";"3";"39";"44"
"1165";"51";"restrain";"억누르다";"3";"36";"43"
"1166";"51";"strait";"해협";"1";"28";"33"
"1167";"51";"distress";"고통, 괴롭히다";"2";"26";"26"
"1168";"51";"stress";"긴장, 압력, 강조(하다)";"2";"31";"32"
"1169";"51";"prestige";"명성";"2";"35";"36"
"1170";"51";"structure";"구조, 구성하다";"2";"22";"23"
"1171";"51";"construct";"건설하다";"3";"28";"29"
"1172";"51";"instruct";"지시하다, 교육하다";"2";"38";"39"
"1173";"51";"destroy";"파괴하다";"2";"29";"29"
"1174";"51";"instrument";"도구";"2";"29";"30"
"1175";"51";"industry";"산업, 근면";"2";"30";"31"
"1176";"51";"insult";"모욕(하다)";"3";"27";"29"
"1177";"51";"result";"결과";"2";"34";"35"
"1178";"51";"salmon";"연어";"2";"35";"35"
"1179";"51";"assume";"가정하다, (떠)맡다";"3";"45";"50"
"1180";"51";"consume";"소비하다";"3";"37";"38"
"1181";"51";"presume";"가정하다";"2";"33";"35"
"1182";"51";"resume";"재개하다, 되찾다";"2";"39";"40"
"1183";"52";"assure";"보장하다";"2";"24";"25"
"1184";"52";"insure";"보험에 들다";"3";"23";"23"
"1185";"52";"surge";"쇄도(하다)";"2";"13";"20"
"1186";"52";"source";"근원, 원인";"2";"19";"20"
"1187";"52";"resource";"자원, 자료";"2";"24";"24"
"1188";"52";"attach";"붙이다";"3";"10";"11"
"1189";"52";"attack";"공격(하다)";"3";"27";"29"
"1190";"52";"stake";"지분, 말뚝";"2";"19";"19"
"1191";"52";"tact";"재치";"3";"21";"23"
"1192";"52";"contact";"접촉, 연락하다";"3";"24";"24"
"1193";"52";"integrate";"통합하다";"2";"29";"31"
"1194";"52";"attain";"달성하다, 도달하다";"3";"14";"17"
"1195";"52";"entire";"전체의";"2";"20";"20"
"1196";"52";"tailor";"재단사";"1";"19";"21"
"1197";"52";"retail";"소매(하다), 소매의";"3";"18";"20"
"1198";"52";"detail";"세부 사항";"3";"20";"21"
"1199";"52";"contain";"포함하다";"3";"18";"20"
"1200";"52";"entertain";"즐겁게하다, 대접하다";"3";"26";"27"
"1201";"52";"obtain";"얻다";"3";"19";"19"
"1202";"52";"retain";"보유하다, 기억하다";"3";"19";"20"
"1203";"52";"sustain";"유지하다, 겪다";"2";"15";"16"
"1204";"52";"content";"내용, 용량, 만족한";"2";"22";"23"
"1205";"52";"continent";"대륙";"2";"18";"21"
"1206";"52";"continue";"계속하다";"2";"23";"24"
"1207";"53";"technique";"기술, 솜씨";"1";"35";"36"
"1208";"53";"technology";"과학 기술";"1";"23";"26"
"1209";"53";"temperate";"온화한, 절제하는";"2";"23";"27"
"1210";"53";"temperature";"온도";"2";"23";"23"
"1211";"53";"temper";"성미, 기분";"3";"28";"31"
"1212";"53";"temperament";"기질, 성질";"2";"29";"33"
"1213";"53";"temporary";"일시적인";"3";"26";"29"
"1214";"53";"contemporary";"현대의, 동시대의";"3";"33";"34"
"1215";"53";"tempt";"유혹하다";"3";"16";"21"
"1216";"53";"attempt";"시도(하다)";"3";"28";"29"
"1217";"53";"attend";"출석하다, 돌보다";"2";"30";"32"
"1218";"53";"pretend";"~인 체하다";"3";"28";"30"
"1219";"53";"extend";"확장하다, 베풀다";"2";"27";"29"
"1220";"53";"intend";"~할 작정이다, 의도하다";"2";"27";"28"
"1221";"53";"tend";"~하는 경향이 있다";"3";"26";"27"
"1222";"53";"tender";"부드러운";"3";"26";"28"
"1223";"53";"tense";"긴장한";"1";"25";"27"
"1224";"53";"intense";"강렬한";"2";"19";"25"
"1225";"54";"terminal";"끝의, 종점";"2";"17";"19"
"1226";"54";"terminate";"종결하다";"2";"22";"26"
"1227";"54";"determine";"결정하다";"3";"14";"16"
"1228";"54";"term";"용어, 관점, 기간";"3";"21";"23"
"1229";"54";"terrible";"무서운, 엄청난";"3";"18";"21"
"1230";"54";"terror";"공포, 폭력 행사";"1";"26";"28"
"1231";"54";"terrify";"겁나게 하다";"1";"27";"31"
"1232";"54";"terrestrial";"지구(상)의";"1";"17";"21"
"1233";"54";"territory";"영토";"3";"29";"30"
"1234";"54";"testify";"증언하다";"3";"22";"26"
"1235";"54";"contest";"경쟁(하다)";"1";"25";"31"
"1236";"54";"protest";"항의(하다)";"2";"25";"26"
"1237";"54";"text";"본문, 문자 보내다";"1";"28";"28"
"1238";"54";"context";"배경, 문맥";"3";"20";"21"
"1239";"54";"textile";"직물";"3";"27";"30"
"1240";"54";"theology";"신학";"1";"23";"27"
"1241";"54";"enthusiasm";"열정";"2";"26";"30"
"1242";"55";"tone";"음색, 어조";"2";"17";"18"
"1243";"55";"intonation";"억양, 어조";"1";"13";"17"
"1244";"55";"monotonous";"단조로운";"3";"19";"19"
"1245";"55";"tune";"곡, 조율하다";"1";"26";"27"
"1246";"55";"torture";"고문(하다)";"3";"24";"28"
"1247";"55";"distort";"왜곡하다";"2";"27";"30"
"1248";"55";"torment";"고통(을 주다)";"2";"21";"24"
"1249";"55";"abstract";"추상(적인), 추출하다";"3";"26";"26"
"1250";"55";"attract";"매혹하다";"3";"28";"29"
"1251";"55";"contract";"계약(을 맺다)";"3";"23";"23"
"1252";"55";"distract";"산만하게 하다";"2";"25";"27"
"1253";"55";"extract";"추출(하다)";"2";"23";"25"
"1254";"55";"treat";"대우하다, 치료하다";"1";"31";"31"
"1255";"55";"treaty";"조약";"2";"16";"18"
"1256";"55";"retreat";"후퇴(하다)";"3";"23";"24"
"1257";"55";"trace";"추적하다, 자국";"3";"28";"31"
"1258";"55";"track";"통로, 흔적, 철도";"1";"33";"33"
"1259";"55";"trail";"추적하다, 오솔길";"2";"29";"29"
"1260";"55";"portrary";"묘사하다";"1";"23";"27"
"1261";"56";"tradition";"전통";"3";"25";"25"
"1262";"56";"betray";"배반하다";"2";"17";"17"
"1263";"56";"traitor";"배신자";"2";"19";"21"
"1264";"56";"tremble";"진동하다";"2";"27";"29"
"1265";"56";"tremendous";"막대한";"3";"19";"19"
"1266";"56";"attribute";"~의 탓으로 돌리다";"3";"20";"23"
"1267";"56";"contribute";"기부하다, 공헌하다";"2";"24";"25"
"1268";"56";"distribute";"분배하다";"3";"21";"23"
"1269";"56";"trust";"신뢰(하다)";"1";"15";"15"
"1270";"56";"entrust";"맡기다";"1";"25";"27"
"1271";"56";"truthful";"정직하다";"1";"19";"20"
"1272";"56";"intrude";"방해하다, 침범하다";"2";"17";"18"
"1273";"56";"thrust";"세게 밀다, 밀침, 요점";"3";"28";"29"
"1274";"56";"threat";"위협";"3";"26";"28"
"1275";"56";"disturb";"방해하다";"3";"20";"23"
"1276";"56";"trouble";"문제, 괴롭히다";"1";"22";"23"
"1277";"56";"abound";"풍부하다";"1";"18";"19"
"1278";"56";"surround";"둘러싸다";"3";"26";"27"
"1279";"56";"urban";"도시의";"3";"27";"27"
"1280";"56";"suburb";"교외";"1";"20";"22"
"1281";"57";"use";"사용(하다)";"1";"30";"31"
"1282";"57";"abuse";"학대(하다), 남용(하다)";"3";"23";"26"
"1283";"57";"utensil";"도구";"2";"18";"22"
"1284";"57";"utilize";"활용하다";"1";"29";"31"
"1285";"57";"evade";"회피하다, 탈출하다";"2";"15";"20"
"1286";"57";"invade";"침략하다, 침해하다";"2";"28";"30"
"1287";"57";"vague";"애매한";"3";"30";"32"
"1288";"57";"extravagant";"낭비하다";"1";"13";"20"
"1289";"57";"value";"가치, 평가하다";"2";"23";"24"
"1290";"57";"evaluate";"평가하다";"3";"20";"25"
"1291";"57";"valid";"유효한";"3";"26";"28"
"1292";"57";"available";"이용할 수 있는";"3";"27";"27"
"1293";"57";"prevail";"우세하다";"3";"22";"24"
"1294";"57";"vanish";"사라지다";"3";"20";"21"
"1295";"57";"vain";"허영심이 강한";"2";"23";"24"
"1296";"57";"avoid";"피하다, 회피하다";"3";"26";"27"
"1297";"57";"vacuum";"진공";"3";"23";"23"
"1298";"57";"vacant";"비어있는";"3";"24";"28"
"1299";"57";"avenge";"(피해자를 대신해) 복수하다";"2";"16";"21"
"1300";"57";"revenge";"(피해자 자신이) 복수(하다)";"2";"21";"23"
"1301";"58";"adventure";"모험";"2";"24";"24"
"1302";"58";"venture";"사업, 과감히 ~하다";"3";"17";"20"
"1303";"58";"convention";"집회, 협정, 관습";"3";"24";"25"
"1304";"58";"event";"사건, 행사, 종목";"1";"16";"16"
"1305";"58";"invent";"발명하다";"2";"15";"15"
"1306";"58";"prevent";"막다, 예방하다";"3";"20";"20"
"1307";"58";"avenue";"대로, 수단";"1";"12";"13"
"1308";"58";"convenient";"편리한";"1";"16";"16"
"1309";"58";"intervene";"중재하다";"2";"19";"19"
"1310";"58";"souvenir";"기념품";"2";"20";"20"
"1311";"58";"advertise";"광고하다";"2";"20";"20"
"1312";"58";"convert";"바꾸다";"2";"14";"15"
"1313";"58";"vertical";"수직(의)";"3";"19";"20"
"1314";"58";"converse";"대화하다, 정반대(의)";"1";"15";"17"
"1315";"58";"diverse";"다양한";"3";"29";"32"
"1316";"58";"reverse";"뒤집다, 반대(의)";"3";"20";"22"
"1317";"58";"verse";"연, 절, 시";"3";"32";"32"
"1318";"58";"version";"판, 해석";"2";"22";"22"
"1319";"58";"divorce";"이혼(하다)";"2";"24";"26"
"1320";"58";"via";"~를 경유하여";"3";"20";"21"
"1321";"58";"obvious";"분명한";"2";"12";"13"
"1322";"58";"previous";"이전의";"3";"22";"23"
"1323";"58";"convey";"나르다";"3";"21";"21"
"1324";"58";"voyage";"항해(하다)";"2";"14";"14"
"1325";"59";"victory";"승리";"1";"22";"22"
"1326";"59";"convict";"유죄를 선고하다";"2";"21";"22"
"1327";"59";"convince";"확신시키다";"3";"18";"18"
"1328";"59";"divide";"나누다";"3";"30";"30"
"1329";"59";"individual";"개별의, 개인";"3";"25";"25"
"1330";"59";"devise";"고안하다";"2";"20";"23"
"1331";"59";"widow";"미망인";"3";"24";"26"
"1332";"59";"vigor";"활력";"3";"20";"21"
"1333";"59";"vegetable";"채소, 식물";"1";"19";"19"
"1334";"59";"vision";"시력, 상상력";"2";"22";"25"
"1335";"59";"supervise";"감독하다";"3";"22";"24"
"1336";"59";"evidence";"증거";"2";"13";"14"
"1337";"59";"provide";"제공하다";"3";"24";"24"
"1338";"59";"view";"관점, 시야, 경치";"2";"24";"26"
"1339";"59";"interview";"면접(하다)";"1";"20";"20"
"1340";"59";"review";"재검토(하다), 비평(하다)";"3";"20";"20"
"1341";"59";"envy";"질투(하다)";"2";"19";"20"
"1342";"59";"survey";"조사(하다)";"3";"20";"20"
"1343";"60";"survive";"살아남다";"2";"18";"18"
"1344";"60";"vivid";"생생한";"3";"25";"28"
"1345";"60";"vital";"중요한, 활기찬";"3";"21";"23"
"1346";"60";"vocal";"목소리의";"2";"23";"24"
"1347";"60";"vocabulary";"어휘";"2";"32";"32"
"1348";"60";"vocation";"천직, 지억, 소명";"2";"32";"33"
"1349";"60";"advocate";"옹호하다, 변호사";"2";"24";"29"
"1350";"60";"vowel";"모음";"2";"25";"26"
"1351";"60";"voluntary";"자발적인";"1";"16";"16"
"1352";"60";"benevolent";"자비로운";"1";"24";"26"
"1353";"60";"evolve";"진화하다";"2";"28";"28"
"1354";"60";"involve";"포함하다";"3";"22";"22"
"1355";"60";"revolve";"돌리다, 공전하다";"1";"25";"26"
"1356";"60";"volume";"음량, 양, 부피";"2";"28";"29"
"1357";"60";"revolt";"반란(을 일으키다)";"2";"25";"25"
"1358";"60";"award";"상, 수여하다";"3";"41";"42"
"1359";"60";"reward";"보상(하다)";"3";"15";"15"
"1360";"60";"aware";"알고 있는";"3";"17";"19"
"1361";"60";"warn";"경고하다";"2";"35";"35"
"1362";"12";"effective";"효과적인";"2";"48";"49"
