"1";"1";"Inform";"알리다";"2";"852";"890"
"2";"1";"Advise";"충고하다";"2";"787";"820"
"3";"1";"Service";"봉사";"1";"814";"876"
"4";"1";"Provide";"공급하다, 준비하다";"3";"830";"871"
"5";"1";"Relationship";"관계";"1";"804";"846"
"6";"1";"Behave";"행동하다";"1";"811";"829"
"7";"1";"Improve";"향상시키다(하다) ";"2";"857";"906"
"8";"1";"Individual";"개인(의)";"3";"870";"931"
"9";"1";"Require";"필요로 하다, 요구하다";"3";"851";"899"
"10";"1";"Develop";"개발하다";"1";"833";"859"
"11";"1";"Social";"사회의";"2";"819";"833"
"12";"1";"Amount";" 총계(가 ~이 되다), 양";"2";"827";"846"
"13";"1";"Employ";"고용하다";"3";"819";"843"
"14";"1";"Terrible";"끔찍한";"3";"828";"854"
"15";"1";"Attitude";"입장";"3";"791";"830"
"16";"1";"Research";"연구(하다)";"2";"872";"889"
"17";"1";"Audience";"관객";"3";"868";"919"
"18";"1";"Volunteer";"자발적으로 ~하다";"2";"821";"865"
"19";"1";"Influence";"영향(을 끼치다) ";"3";"798";"993"
"20";"1";"International";"국제의";"2";"803";"835"
"21";"1";"Opportunity";"기회 ";"3";"822";"858"
"22";"1";"Ability";"능력";"2";"859";"881"
"23";"1";"Expense";"지출 ";"1";"823";"879"
"24";"1";"Involve";"포함하다, 말려들게 하다";"3";"830";"878"
"25";"1";"Stress";"강조(하다)";"2";"799";"854"
"26";"1";"Therefore";"그러므로";"1";"806";"849"
"27";"1";"Average";"평균(의)(이~가되다)";"2";"877";"915"
"28";"1";"Ride";"(탈 것을)타다 ";"1";"838";"865"
"29";"1";"Local";"지역의";"3";"835";"863"
"30";"1";"Encourage";"촉구하다";"2";"813";"867"
"31";"1";"Determine";"결심하다";"3";"781";"818"
"32";"1";"Comfort";"편안(하게 하다), 위로";"3";"834";"867"
"33";"1";"Consume";"소비하다";"3";"796";"842"
"34";"1";"Object";"물체, 목표";"3";"845";"880"
"35";"1";"Impress";"~에게 깊은 인상을 주다 ";"2";"853";"897"
"36";"1";"Available";"이용 가능한";"3";"795";"820"
"37";"1";"Contain";"함유하다";"3";"794";"843"
"38";"1";"Revenue";"수입, 수익";"2";"816";"867"
"39";"1";"Recognize";"인지하다, 인정하다";"3";"779";"804"
"40";"1";"Material";"재료, 물질(의)";"2";"817";"848"
"41";"2";"Positive";"긍정적인 ";"3";"571";"579"
"42";"2";"Emotion";"감정 ";"2";"578";"585"
"43";"2";"Amaze";"놀라게 하다 ";"2";"604";"609"
"44";"2";"Level";"수준(의), 수평(의)";"1";"619";"637"
"45";"2";"Discover";"발견하다";"1";"590";"598"
"46";"2";"Essence";"(사물의)본질, 정수";"3";"615";"621"
"47";"2";"Benefit";"이익(이 되다)";"2";"588";"600"
"48";"2";"Affect";"~에 영향을 미치다 ";"3";"668";"686"
"49";"2";"Reduce";"줄이다";"3";"615";"625"
"50";"2";"Chemistry";"화학";"2";"601";"606"
"51";"2";"Immediate";"직접의, 즉각적인 ";"3";"600";"616"
"52";"2";"Thus";"그러므로";"1";"608";"614"
"53";"2";"Proper";"적절한";"3";"646";"658"
"54";"2";"Profession";"직업";"1";"593";"610"
"55";"2";"Economic";"경제(학)의";"2";"580";"589"
"56";"2";"Cell";"세포";"2";"584";"589"
"57";"2";"Focus";"집중하다, 초점 ";"2";"587";"593"
"58";"2";"Issue";"논란거리";"3";"589";"597"
"59";"2";"Poetry";"운문";"1";"601";"610"
"60";"2";"Demand";"수요, 요구하다";"3";"591";"598"
"61";"2";"Occur";"발생하다 ";"3";"594";"620"
"62";"2";"Complex";"복잡한, 복합체 ";"3";"664";"667"
"63";"2";"Define";"정의하다, 한계짓다";"2";"614";"622"
"64";"2";"Proud";"자랑스러워하는";"1";"627";"636"
"65";"2";"Aware";"알고있는";"3";"568";"597"
"66";"2";"Contact";"접촉(하다)";"3";"615";"620"
"67";"2";"Performance";"공연";"2";"612";"623"
"68";"2";"Detail";"세부, 상세한 상술하다";"3";"608";"615"
"69";"2";"Approach";"접근(하다)";"3";"572";"589"
"70";"2";"Participate";"참여하다, 첨가하다";"3";"588";"601"
"71";"2";"Fashion";"유행, 방식";"1";"614";"624"
"72";"2";"Package";"꾸러미, 포장(하다)";"1";"598";"606"
"73";"2";"Disappear";"사라지다";"2";"602";"604"
"74";"2";"Career";"직업, 경력";"3";"619";"632"
"75";"2";"Secure";"안전한, 안전하게 하다";"3";"621";"628"
"76";"2";"Novel";"소설, 참신한";"3";"579";"584"
"77";"2";"Despite";"~에도 불구하고 ";"3";"633";"641"
"78";"2";"Background";"배경(지식)";"1";"562";"567"
"79";"2";"Solution";"해결(책)";"2";"648";"657"
"80";"2";"Generate";"일으키다";"3";"602";"624"
"81";"3";"Eventually";"결국 ";"2";"582";"597"
"82";"3";"Decrease";"감소(하다)";"3";"546";"560"
"83";"3";"Recycle";"재활용하다";"3";"549";"559"
"84";"3";"Desire";"바라다, 욕구";"2";"585";"596"
"85";"3";"Balance";"균형(을 이루다)";"1";"581";"591"
"86";"3";"Publish";"발표하다, 출판하다";"3";"565";"575"
"87";"3";"Congratulate";"축하하다";"2";"576";"587"
"88";"3";"Compose";"구성하다";"3";"560";"572"
"89";"3";"Follow";"~의 뒤를 잇다, 따라가다";"1";"573";"578"
"90";"3";"Negative";"부정적인";"3";"601";"613"
"91";"3";"Occasion";"경우, 특별한 일";"2";"593";"605"
"92";"3";"Replace";"~을 대체하다";"3";"576";"587"
"93";"3";"Expert";"전문가";"3";"566";"582"
"94";"3";"Term";"기간, 학기";"3";"543";"561"
"95";"3";"Relieve";"경감하다, 안도시키다";"3";"569";"580"
"96";"3";"Describe";"묘사하다";"3";"540";"560"
"97";"3";"Biology";"생물학";"3";"544";"552"
"98";"3";"Due";"만기의";"3";"569";"595"
"99";"3";"Equipment";"장치, 장비 ";"1";"587";"597"
"100";"3";"Account";"은행 계좌";"3";"574";"582"
"101";"3";"Birth";"탄생 ";"1";"586";"589"
"102";"3";"Constant";"불변의 ";"3";"546";"598"
"103";"3";"Genius";"천재";"3";"578";"590"
"104";"3";"Reflect";"반영하다, 반사하다";"3";"597";"605"
"105";"3";"Cause";"원인(이 되다)";"2";"592";"615"
"106";"3";"Frequent";"빈번한";"2";"570";"586"
"107";"3";"Steady";"안정된, 한결같은";"3";"568";"581"
"108";"3";"Extreme";"극단(의)";"2";"531";"541"
"109";"3";"Tend";"~하는 경향이 있다";"3";"592";"602"
"110";"3";"Insist";"주장하다";"3";"568";"581"
"111";"3";"Extend";"연장하다, 넓히다";"2";"572";"593"
"112";"3";"Politics";"정치(학)";"2";"556";"565"
"113";"3";"Lonely";"외로운";"1";"570";"574"
"114";"3";"Habitat";"서식지, 주거지";"3";"585";"595"
"115";"3";"Mental";"정신의";"3";"542";"546"
"116";"3";"Factor";"요인, 요소";"3";"557";"569"
"117";"3";"Exchange";"교환하다";"3";"627";"639"
"118";"3";"Active";"활동적인, 적극적인";"2";"544";"560"
"119";"3";"Species";"종";"3";"540";"705"
"120";"3";"Athletic";"운동의";"1";"575";"582"
"121";"4";"Dental";"치아의";"1";"391";"406"
"122";"4";"Delight";"기쁨, 기쁘게 하다";"2";"391";"411"
"123";"4";"Confident";"자신 있는";"2";"389";"410"
"124";"4";"Gradually";"점차, 차츰";"3";"383";"395"
"125";"4";"Electricity";"전기";"1";"364";"372"
"126";"4";"Shadow";"그림자, 그늘지게 하다";"1";"412";"420"
"127";"4";"Access";"접근";"3";"386";"405"
"128";"4";"Announce";"알리다";"3";"385";"396"
"129";"4";"Allow";"허락하다, 인정하다";"1";"362";"384"
"130";"4";"Firm";"확고한, 단단한";"2";"401";"430"
"131";"4";"Vary";"바꾸다";"1";"377";"402"
"132";"4";"Injure";"상처를 입히다";"3";"397";"405"
"133";"4";"Permit";"허락하다";"3";"375";"392"
"134";"4";"Threat";"위협";"3";"383";"387"
"135";"4";"Flood";"홍수, 범람시키다";"2";"414";"422"
"136";"4";"Disabled";"무능력의, 장애의";"2";"395";"402"
"137";"4";"Lack";"부족, ~이 부족하다";"2";"377";"384"
"138";"4";"Signify";"의미하다, 중요하다";"3";"366";"383"
"139";"4";"Concentrate";"집중하다";"2";"421";"435"
"140";"4";"Emphasize";"강조하다";"3";"372";"386"
"141";"4";"Astronomy";"천문학";"3";"401";"408"
"142";"4";"Commerce";"상업, 교역";"2";"367";"377"
"143";"4";"Capable";"능력 있는";"3";"376";"384"
"144";"4";"Fuel";"연료(를 가하다)";"2";"388";"398"
"145";"4";"Manufacture";"제조(하다), 제품";"3";"402";"420"
"146";"4";"Movement";"움직임, 운동";"2";"391";"399"
"147";"4";"Combine";"결합시키다, 겸하다";"1";"394";"402"
"148";"4";"Gene";"유전자";"2";"393";"400"
"149";"4";"Response";"응답, 반응";"1";"375";"379"
"150";"4";"Victim";"희생(자)";"2";"358";"367"
"151";"4";"Pressure";"압력(을 가하다)";"3";"367";"375"
"152";"4";"Accompany";"동반하다";"3";"366";"375"
"153";"4";"Frustrate";"좌절시키다";"2";"417";"431"
"154";"4";"Construct";"건설하다";"3";"390";"406"
"155";"4";"Dwindle";"점점 줄어들다";"1";"374";"407"
"156";"4";"Increase";"증가(하다)";"3";"400";"410"
"157";"4";"Entertain";"즐겁게 하다";"3";"389";"411"
"158";"4";"Predict";"예언하다";"3";"404";"416"
"159";"4";"Apologize";"사과하다";"1";"366";"369"
"160";"4";"Verdict";"판결, 결정";"1";"354";"378"
"161";"5";"Sight";"시야";"1";"457";"461"
"162";"5";"Quantity";"양 ";"2";"396";"401"
"163";"5";"Conclude";"결론짓다";"3";"430";"440"
"164";"5";"Donate";"기부하다";"1";"449";"450"
"165";"5";"Personality";"개성, 성격";"2";"405";"411"
"166";"5";"Struggle";"노력(하다), 투쟁";"2";"396";"407"
"167";"5";"Electronic";"전자의";"2";"463";"468"
"168";"5";"Absorb";"흡수하다";"2";"400";"405"
"169";"5";"Advantage";"이익";"3";"400";"411"
"170";"5";"Incredible";"굉장한";"3";"439";"449"
"171";"5";"Enable";"가능하게 하다";"3";"421";"590"
"172";"5";"Instruction";"지시";"1";"407";"424"
"173";"5";"Assume";"추정하다";"3";"413";"425"
"174";"5";"Attempt";"시도(하다)";"3";"424";"439"
"175";"5";"Variety";"다양(성)";"2";"443";"446"
"176";"5";"Confuse";"혼동하다, 혼란시키다";"3";"446";"449"
"177";"5";"Indicate";"지적하다, 나타내다";"3";"415";"434"
"178";"5";"Analyze";"분석하다";"3";"413";"422"
"179";"5";"Labor";"노동(하다)";"3";"470";"480"
"180";"5";"Remark";"의견(을 말하다)";"1";"375";"420"
"181";"5";"Moral";"도덕적인";"2";"422";"426"
"182";"5";"Embarrassed";"당황한";"3";"467";"474"
"183";"5";"Claim";"요구, 주장(하다)";"3";"434";"445"
"184";"5";"Stock";"재고품, 저장(하다)";"2";"432";"440"
"185";"5";"Resident";"거주자";"2";"433";"441"
"186";"5";"Reasonable";"논리적인, 분별력 있는";"2";"395";"400"
"187";"5";"Interrupt";"방해하다, 중단시키다";"3";"453";"466"
"188";"5";"Discount";"할인(하다)";"2";"416";"420"
"189";"5";"Creature";"생물";"2";"405";"410"
"190";"5";"Heal";"치료하다, 낫게하다";"2";"450";"455"
"191";"5";"Stranger";"낯선 사람";"1";"451";"452"
"192";"5";"Revolution";"혁명";"2";"448";"452"
"193";"5";"Criticize";"비난하다";"2";"406";"422"
"194";"5";"Convince";"확신시키다";"3";"427";"442"
"195";"5";"Feature";"특징";"2";"422";"431"
"196";"5";"Tide";"조수, 밀물과 썰물";"2";"408";"415"
"197";"5";"Establish";"설립하다, 제정하다";"3";"466";"471"
"198";"5";"Obtain";"얻다, 획득하다";"3";"432";"439"
"199";"5";"Assist";"도움을 주다";"3";"416";"432"
"200";"5";"Disaster";"재해, 재앙(의)";"3";"434";"438"
"201";"6";"Efficient";"효율적인, 유능한";"3";"395";"399"
"202";"6";"Terrific";"굉장한";"2";"392";"411"
"203";"6";"React";"반응하다";"2";"410";"421"
"204";"6";"Independent";"독립적인";"2";"403";"406"
"205";"6";"Theory";"이론";"2";"405";"408"
"206";"6";"Qualify";"자격을 얻다";"3";"351";"365"
"207";"6";"Clue";"단서";"2";"391";"399"
"208";"6";"Recall";"상기(하다)";"2";"410";"418"
"209";"6";"Risk";"위험(을 감수하다)";"2";"414";"418"
"210";"6";"Cancer";"암";"2";"375";"376"
"211";"6";"Treatment";"취급, 대우";"2";"389";"399"
"212";"6";"Specific";"구체적인";"3";"392";"408"
"213";"6";"Engage";"관여하다";"2";"360";"384"
"214";"6";"Motivate";"동기부여 하다";"3";"411";"415"
"215";"6";"Import";"수입(하다)";"3";"372";"382"
"216";"6";"Elder";"연장자, 나이가 위인";"1";"391";"391"
"217";"6";"Depress";"우울하게 하다";"3";"417";"427"
"218";"6";"Fascinate";"매혹하다";"2";"409";"425"
"219";"6";"Violent";"난폭한";"1";"416";"422"
"220";"6";"Alarm";"놀람, 경보";"2";"411";"421"
"221";"6";"Edge";"가장자리";"2";"402";"405"
"222";"6";"Deserve";"받을 가치가 있다";"3";"362";"379"
"223";"6";"Route";"길";"3";"358";"359"
"224";"6";"Psychology";"심리(학)";"3";"410";"415"
"225";"6";"Mole";"사마귀, 점";"1";"374";"387"
"226";"6";"Passion";"열정";"3";"388";"398"
"227";"6";"Weed";"잡초(를 제거하다)";"1";"361";"373"
"228";"6";"Conscience";"양심";"3";"400";"413"
"229";"6";"Consider";"숙고하다, 고려하다";"3";"378";"383"
"230";"6";"Salary";"급료, 봉급";"1";"382";"390"
"231";"6";"Pose";"자세(를 취하다)";"2";"395";"399"
"232";"6";"Purchase";"구매(하다)";"2";"363";"375"
"233";"6";"Length";"길이";"2";"384";"386"
"234";"6";"Occupy";"(시간, 장소를) 차지하다";"3";"372";"391"
"235";"6";"Acquire";"습득하다";"3";"381";"392"
"236";"6";"Interact";"상호작용 하다";"1";"396";"398"
"237";"6";"Decide";"결정하다";"1";"422";"426"
"238";"6";"Lifetime";"평생(의)";"1";"385";"387"
"239";"6";"Decade";"10년(간)";"3";"391";"396"
"240";"6";"Grain";"곡물";"2";"387";"392"
"241";"7";"Meaningful";"의미심장한";"1";"314";"318"
"242";"7";"Brief";"간단한, 간단히 알려주다";"2";"288";"314"
"243";"7";"Severe";"심한, 엄한";"2";"279";"300"
"244";"7";"Survival";"생존";"1";"302";"302"
"245";"7";"Comment";"논평(하다)";"3";"292";"299"
"246";"7";"Leap";"도약(하다)";"2";"282";"303"
"247";"7";"Survey";"설문조사(하다), 둘러보다";"3";"322";"496"
"248";"7";"Mechanic";"기계공";"3";"304";"307"
"249";"7";"Mood";"분위기";"1";"305";"305"
"250";"7";"Mere";"단지 ~에 불과한";"1";"251";"267"
"251";"7";"Typical";"전형적인";"3";"325";"328"
"252";"7";"Approve";"승인하다";"3";"284";"304"
"253";"7";"Rural";"시골의";"2";"273";"290"
"254";"7";"Finance";"재정, 자금을 조달하다";"3";"308";"320"
"255";"7";"Operation";"작업, 운영";"1";"307";"323"
"256";"7";"Crime";"범죄";"1";"320";"323"
"257";"7";"Awful";"끔찍한";"2";"307";"482"
"258";"7";"Series";"연속";"2";"321";"330"
"259";"7";"Exhausted";"고갈된";"1";"282";"296"
"260";"7";"Flu";"감기(의)";"1";"290";"293"
"261";"7";"Surround";"둘러싸다";"3";"293";"298"
"262";"7";"Display";"전시(하다)";"3";"304";"310"
"263";"7";"Policy";"정책";"3";"288";"293"
"264";"7";"Mass";"덩어리";"2";"297";"318"
"265";"7";"Committee";"위원(회)";"3";"300";"315"
"266";"7";"Accurate";"정확한";"2";"295";"316"
"267";"7";"Arrange";"정리하다, 준비하다";"3";"270";"286"
"268";"7";"Consult";"상담하다";"2";"288";"306"
"269";"7";"Reward";"보수, 보답하다";"3";"300";"308"
"270";"7";"Recover";"회복하다, 되찾다";"2";"284";"296"
"271";"7";"Facility";"시설, 편의";"3";"282";"292"
"272";"7";"Shred";"찢다, 째다";"1";"297";"316"
"273";"7";"Downtown";"도심(의)";"1";"291";"297"
"274";"7";"Attach";"붙이다, 첨부하다";"3";"292";"301"
"275";"7";"Monster";"괴물";"2";"297";"302"
"276";"7";"Enormous";"엄청난, 거대한";"3";"295";"300"
"277";"7";"Domestic";"국내의, 가정의";"2";"279";"298"
"278";"7";"Elementary";"기초적인";"2";"293";"297"
"279";"7";"Refer";"언급하다";"3";"281";"298"
"280";"7";"Gap";"격차";"1";"268";"271"
"281";"8";"Renaissance";"문예부흥운동";"1";"234";"242"
"282";"8";"Journey";"여행";"2";"229";"239"
"283";"8";"Plain";"명백한";"2";"220";"248"
"284";"8";"Previous";"이전의";"3";"213";"223"
"285";"8";"Slight";"약간의, 경미한";"2";"233";"245"
"286";"8";"Leisure";"여가, 한가한";"1";"232";"408"
"287";"8";"Produce";"생산하다";"2";"234";"242"
"288";"8";"Stroke";"뇌졸중";"1";"215";"239"
"289";"8";"Break";"찢다, 고장내다";"1";"241";"254"
"290";"8";"Breed";"낳다, 양육하다";"2";"200";"215"
"291";"8";"Muscle";"근육";"2";"243";"250"
"292";"8";"Delay";"연기하다, 미루다";"3";"258";"268"
"293";"8";"File";"서류철(을 작성하다)";"1";"227";"237"
"294";"8";"Ethic";"윤리";"1";"242";"257"
"295";"8";"Instant";"즉각의";"2";"224";"237"
"296";"8";"Reveal";"폭로하다";"2";"227";"244"
"297";"8";"Include";"포함하다";"3";"246";"253"
"298";"8";"Urban";"도시의";"3";"246";"253"
"299";"8";"Witness";"증거, 목격하다";"2";"214";"247"
"300";"8";"Admit";"인정하다";"3";"237";"253"
"301";"8";"Device";"장치 ";"1";"225";"234"
"302";"8";"Owe";"빚지고 있다";"2";"211";"224"
"303";"8";"Intend";"~할 작정이다, 의도하다";"2";"226";"241"
"304";"8";"Award";"수여하다";"3";"200";"209"
"305";"8";"Preserve";"보존하다, 보호하다";"3";"209";"217"
"306";"8";"Underground";"지하(의)";"1";"226";"231"
"307";"8";"Consequence";"결과";"3";"222";"237"
"308";"8";"Aspect";"관점";"3";"232";"254"
"309";"8";"Target";"목표(의)(로 삼다)";"1";"228";"236"
"310";"8";"Headache";"두통";"1";"230";"236"
"311";"8";"Horizon";"수평선, 지평선";"2";"217";"229"
"312";"8";"Accomplish";"성취하다";"3";"233";"242"
"313";"8";"Surf";"파도(타기를 하다)";"1";"233";"241"
"314";"8";"Adopt";"채택하다";"3";"234";"253"
"315";"8";"Potential";"잠재적인, 잠재력";"3";"260";"267"
"316";"8";"Slip";"미끄러지다, 실수하다";"2";"248";"419"
"317";"8";"Civilization";"문명";"2";"215";"221"
"318";"8";"Row";"열";"2";"224";"246"
"319";"8";"Atmosphere";"대기";"3";"225";"236"
"320";"8";"Label";"꼬리표";"2";"226";"232"
"321";"9";"Decorate";"장식하다";"2";"230";"234"
"322";"9";"Identify";"~임을 확인하다";"2";"233";"252"
"323";"9";"Secretary";"비서, 서기관";"2";"235";"242"
"324";"9";"Scale";"규모";"2";"237";"242"
"325";"9";"Addict";"중독시키다";"3";"199";"208"
"326";"9";"Evident";"명백한";"1";"207";"226"
"327";"9";"Seldom";"좀처럼 ~않는";"2";"256";"265"
"328";"9";"Standard";"기준(의)";"2";"230";"241"
"329";"9";"Basis";"기초, 원리";"1";"234";"250"
"330";"9";"Automatic";"자동적인";"1";"237";"410"
"331";"9";"Region";"지역";"3";"223";"227"
"332";"9";"Sake";"목적";"2";"186";"226"
"333";"9";"Artificial";"인공적인";"3";"237";"247"
"334";"9";"Possess";"소유하다";"3";"238";"249"
"335";"9";"Substance";"물질";"3";"215";"228"
"336";"9";"Realistic";"현실적인";"1";"239";"245"
"337";"9";"Physics";"물리학";"2";"222";"228"
"338";"9";"Encounter";"만나다, 마주침";"2";"225";"239"
"339";"9";"Differ";"다르다";"3";"231";"239"
"340";"9";"Principle";"원칙, 원리";"3";"221";"238"
"341";"9";"Memorize";"기억하다";"1";"192";"193"
"342";"9";"Evaluate";"평가하다";"3";"217";"231"
"343";"9";"Fulfill";"달성하다, 이행하다";"2";"207";"231"
"344";"9";"Stink";"역겹다, 악취가 나다";"2";"228";"238"
"345";"9";"Tremendous";"굉장한";"3";"220";"230"
"346";"9";"Application";"적용";"1";"215";"225"
"347";"9";"Vote";"투표(하다)";"2";"200";"209"
"348";"9";"Railroad";"철도";"1";"228";"231"
"349";"9";"Cooperate";"협력하다";"2";"229";"240"
"350";"9";"Emit";"방출하다";"3";"206";"377"
"351";"9";"Request";"요청(하다)";"3";"212";"221"
"352";"9";"Guarantee";"보증(하다)";"3";"248";"255"
"353";"9";"Resist";"저항하다";"3";"219";"228"
"354";"9";"Grant";"승인하다, 수여하다";"2";"199";"241"
"355";"9";"Permanent";"영원한";"3";"230";"254"
"356";"9";"Emergency";"비상사태";"2";"208";"213"
"357";"9";"Rid";"제거하다";"2";"214";"229"
"358";"9";"Impact";"충격(을 주다), 영향";"2";"224";"233"
"359";"9";"Theme";"주제, 화제";"2";"216";"220"
"360";"9";"Rely";"의지하다";"2";"224";"237"
"361";"10";"Hesitate";"망설이다";"1";"217";"236"
"362";"10";"Location";"장소";"1";"231";"245"
"363";"10";"Organism";"유기체, 생명체";"1";"247";"262"
"364";"10";"Resolve";"결심하다(시키다)";"3";"199";"237"
"365";"10";"Curve";"곡선";"1";"215";"219"
"366";"10";"Suitable";"적절한";"2";"210";"219"
"367";"10";"Distribute";"분배하다";"3";"214";"231"
"368";"10";"Restrict";"제한하다";"3";"229";"242"
"369";"10";"Rainforest";"(열대)우림";"1";"200";"218"
"370";"10";"Circumstance";"상황, 환경";"3";"219";"233"
"371";"10";"Interpret";"통역하다";"3";"217";"228"
"372";"10";"Recite";"암송하다";"2";"204";"227"
"373";"10";"Annoy";"괴롭히다, 귀찮게 하다";"2";"215";"222"
"374";"10";"Frighten";"겁먹게 하다";"1";"223";"229"
"375";"10";"Estimate";"평가하다";"2";"212";"234"
"376";"10";"Cabin";"오두막집";"2";"217";"240"
"377";"10";"Adventure";"모험";"2";"233";"239"
"378";"10";"Entrance";"입장, 입구";"1";"226";"245"
"379";"10";"Persuade";"설득하다";"3";"223";"240"
"380";"10";"Gear";"장비";"2";"200";"203"
"381";"10";"Ray";"광선";"2";"242";"255"
"382";"10";"Release";"놓아주다, 석방";"3";"243";"254"
"383";"10";"Slave";"노예";"2";"221";"234"
"384";"10";"Perceive";"인지하다";"3";"210";"229"
"385";"10";"Rank";"등급(을 매기다)";"2";"220";"223"
"386";"10";"Offer";"제공하다, 제안하다";"2";"220";"234"
"387";"10";"Symphony";"교향곡";"2";"222";"225"
"388";"10";"Envy";"부러워하다, 부러움";"2";"224";"230"
"389";"10";"Corporate";"회사의";"2";"212";"234"
"390";"10";"Autograph";"서명(하다)";"3";"237";"245"
"391";"10";"Retire";"은퇴하다";"2";"215";"225"
"392";"10";"Appeal";"간청하다";"3";"255";"433"
"393";"10";"Identical";"동일한";"1";"208";"241"
"394";"10";"Innocence";"순결";"1";"230";"250"
"395";"10";"Investment";"투자";"2";"230";"237"
"396";"10";"Authority";"권위";"2";"216";"231"
"397";"10";"Alternative";"대안(의)";"3";"215";"226"
"398";"10";"Infant";"유아";"1";"233";"252"
"399";"10";"Calculate";"계산하다";"1";"213";"219"
"400";"10";"Charity";"자비, 자선단체";"2";"222";"231"
"401";"11";"Receive";"받다";"2";"211";"222"
"402";"11";"Whereas";"~인 반면에";"2";"235";"243"
"403";"11";"Broad";"넓은";"2";"192";"200"
"404";"11";"Ignorant";"무식한";"1";"215";"228"
"405";"11";"Depend";"의지하다";"3";"226";"235"
"406";"11";"Pure";"순수한";"1";"213";"229"
"407";"11";"Extinct";"멸종된";"3";"219";"232"
"408";"11";"Household";"가정";"1";"218";"231"
"409";"11";"Chapter";"(책, 논문의) 장";"1";"224";"240"
"410";"11";"Refund";"환불(하다)";"3";"224";"231"
"411";"11";"Institute";"연구소, 협회";"2";"204";"227"
"412";"11";"Lately";"최근에";"2";"240";"253"
"413";"11";"Accept";"받아들이다";"3";"210";"220"
"414";"11";"Ashamed";"부끄러워하는";"3";"221";"228"
"415";"11";"Dense";"조밀한, 조잡한";"2";"215";"235"
"416";"11";"Rescue";"구조(하다)";"1";"208";"221"
"417";"11";"Continue";"계속하다";"2";"220";"231"
"418";"11";"Destination";"목적지";"2";"214";"231"
"419";"11";"Expand";"확장하다";"3";"231";"239"
"420";"11";"Evolution";"진화";"1";"209";"222"
"421";"11";"Isolate";"고립시키다";"3";"219";"231"
"422";"11";"Gravity";"중력";"2";"222";"234"
"423";"11";"Genuine";"진짜의";"3";"202";"225"
"424";"11";"Status";"상태, 지위";"3";"209";"218"
"425";"11";"Compete";"경쟁하다";"2";"221";"231"
"426";"11";"Military";"군대(의)";"2";"193";"199"
"427";"11";"Logic";"논리(학)";"3";"239";"246"
"428";"11";"Commit";"저지르다";"3";"190";"224"
"429";"11";"Sensible";"현명한";"3";"210";"226"
"430";"11";"Sum";"총합";"2";"233";"242"
"431";"11";"Conserve";"보존하다";"2";"215";"226"
"432";"11";"Swing";"흔들리다";"2";"224";"238"
"433";"11";"Reproduce";"재생하다, 복제하다";"2";"223";"232"
"434";"11";"Tone";"어조";"2";"211";"223"
"435";"11";"Concept";"개념";"1";"243";"251"
"436";"11";"Invitation";"초대(장)";"2";"209";"222"
"437";"11";"Precise";"정확한";"3";"205";"235"
"438";"11";"Formal";"공식적인";"2";"196";"212"
"439";"11";"Particle";"입자";"3";"208";"218"
"440";"11";"Cancel";"취소하다";"2";"227";"237"
"441";"12";"Departure";"출발";"2";"247";"290"
"442";"12";"Apparent";"명백한";"3";"243";"263"
"443";"12";"Visual";"시각의";"2";"286";"294"
"444";"12";"Agriculture";"농업";"3";"258";"283"
"445";"12";"Rite";"(종교적)의식";"1";"250";"273"
"446";"12";"Poverty";"가난";"2";"253";"258"
"447";"12";"Sculpture";"조각(하다)";"2";"260";"268"
"448";"12";"Descend";"내려오다, 물려주다";"3";"275";"285"
"449";"12";"Leak";"새는구멍, 새다";"2";"261";"269"
"450";"12";"Portion";"일부, 분할하다";"3";"269";"283"
"451";"12";"Companion";"동료";"2";"290";"302"
"452";"12";"Diligent";"근면한";"1";"274";"303"
"453";"12";"Distinct";"별개의, 뚜렷한";"2";"231";"266"
"454";"12";"Component";"구성요소, 구성하고있는";"2";"256";"262"
"455";"12";"Current";"해류, 현재";"3";"255";"269"
"456";"12";"Universal";"보편적인";"1";"271";"280"
"457";"12";"Trap";"함정";"2";"275";"281"
"458";"12";"Eager";"갈망하는";"2";"258";"296"
"459";"12";"Legal";"법률의, 합법의";"3";"247";"261"
"460";"12";"Demonstrate";"설명하다";"2";"230";"294"
"461";"12";"Democracy";"민주주의";"1";"280";"281"
"462";"12";"Mature";"성숙한, 성숙해지다";"2";"256";"287"
"463";"12";"Brilliant";"찬란한, 명석한";"2";"248";"253"
"464";"12";"Annual";"연례의";"3";"233";"248"
"465";"12";"Faith";"믿음";"3";"271";"283"
"466";"12";"Spare";"여분의, 검소한";"2";"274";"309"
"467";"12";"Transfer";"이동하다";"3";"260";"271"
"468";"12";"Refrigerator";"냉장고";"1";"256";"261"
"469";"12";"Oppose";"반대하다";"3";"263";"271"
"470";"12";"Desperate";"필사적인, 절망적인";"2";"252";"274"
"471";"12";"Remote";"멀리 떨어진";"3";"286";"293"
"472";"12";"Offend";"감정을 상하게 하다";"2";"232";"262"
"473";"12";"Awake";"깨우다, 깨어나다";"2";"259";"263"
"474";"12";"Vigor";"활력";"3";"259";"309"
"475";"12";"Insight";"통찰(력)";"3";"268";"283"
"476";"12";"Achieve";"목적을 이루다, 얻다";"3";"261";"273"
"477";"12";"Civil";"시민의";"3";"301";"305"
"478";"12";"Complicated";"복잡한";"1";"281";"294"
"479";"12";"Falsify";"잘못을 입증하다";"1";"265";"294"
"480";"12";"Prove";"입증하다, ~으로 판명되다";"3";"253";"270"
"481";"13";"Minor";"사소한, 부전공하다";"3";"238";"247"
"482";"13";"Duty";"의무";"3";"241";"253"
"483";"13";"Pause";"중단(하다)";"2";"253";"268"
"484";"13";"Option";"선택(권)";"2";"246";"248"
"485";"13";"Digest";"소화하다, 요약하다";"2";"246";"260"
"486";"13";"Shortage";"부족";"2";"227";"238"
"487";"13";"Laboratory";"실험실(의)";"3";"238";"250"
"488";"13";"Generous";"관대한";"3";"244";"248"
"489";"13";"Laundry";"세탁물";"2";"229";"244"
"490";"13";"Transform";"변환하다";"3";"229";"232"
"491";"13";"Discipline";"훈련(하다)";"2";"224";"265"
"492";"13";"Kindergarten";"유치원";"1";"253";"264"
"493";"13";"Forbid";"금지하다";"2";"243";"253"
"494";"13";"Ultimate";"궁극적인";"2";"218";"223"
"495";"13";"Thrive";"번영하다";"2";"256";"289"
"496";"13";"Royal";"왕의";"3";"234";"240"
"497";"13";"Ruin";"파멸, 폐허로 만들다";"2";"225";"247"
"498";"13";"Arrive";"도착하다";"1";"255";"260"
"499";"13";"Evil";"사악(한)";"2";"261";"266"
"500";"13";"Horror";"공포(의)";"2";"263";"265"
"501";"13";"Worship";"예배(하다)";"2";"229";"251"
"502";"13";"Afterward";"나중에";"1";"231";"235"
"503";"13";"Client";"고객";"1";"264";"271"
"504";"13";"Insure";"보험계약 하다";"3";"242";"259"
"505";"13";"Scarce";"드문";"2";"227";"247"
"506";"13";"Fancy";"공상(하다)";"3";"221";"237"
"507";"13";"Surgery";"외과수술";"1";"255";"263"
"508";"13";"Assign";"할당하다";"3";"205";"215"
"509";"13";"Regulate";"규제하다";"2";"244";"248"
"510";"13";"Shelf";"선반";"2";"254";"268"
"511";"13";"Highway";"고속도로";"1";"247";"251"
"512";"13";"Utility";"효용, 공익설비시설";"2";"238";"251"
"513";"13";"Yield";"생산하다";"2";"233";"275"
"514";"13";"Decline";"거절하다";"3";"204";"241"
"515";"13";"Aside";"옆에, 제쳐두고";"1";"223";"244"
"516";"13";"Tolerate";"묵인하다, 용인하다";"2";"217";"240"
"517";"13";"Cottage";"오두막집";"2";"218";"228"
"518";"13";"Coincidence";"(우연의) 일치";"1";"246";"262"
"519";"13";"Contemporary";"동시대의, 현대의";"3";"234";"258"
"520";"13";"Bless";"축복하다";"1";"220";"229"
"521";"14";"Prey";"먹이";"3";"254";"262"
"522";"14";"Prior";"우선하는";"3";"201";"214"
"523";"14";"Necessity";"필수(품)";"1";"237";"247"
"524";"14";"Abstract";"추상(적인)";"3";"226";"238"
"525";"14";"Measure";"측정하다";"3";"206";"215"
"526";"14";"Fuse";"융합하다";"1";"206";"239"
"527";"14";"Confirm";"확인하다";"3";"253";"267"
"528";"14";"Explain";"설명하다";"1";"229";"250"
"529";"14";"Imitate";"모방하다";"2";"219";"230"
"530";"14";"Defeat";"패배(시키다)";"2";"207";"225"
"531";"14";"Equilibrium";"평형, 균형(상태)";"1";"261";"278"
"532";"14";"Illustrate";"설명하다";"2";"195";"233"
"533";"14";"Pupil";"학생";"2";"234";"268"
"534";"14";"Intellect";"지성";"3";"233";"248"
"535";"14";"Spice";"향신료";"2";"232";"242"
"536";"14";"Tempt";"유혹하다";"3";"246";"268"
"537";"14";"Inspire";"~에 영감을 주다";"2";"230";"239"
"538";"14";"Dine";"대접하다, 식사하다";"1";"240";"271"
"539";"14";"Literally";"문자 그대로";"3";"234";"244"
"540";"14";"Resort";"의지하다";"2";"209";"266"
"541";"14";"Grab";"움켜쥐다";"2";"222";"232"
"542";"14";"Alien";"외계인";"3";"255";"266"
"543";"14";"Alcohol";"알코올";"1";"225";"232"
"544";"14";"Wreck";"난파(시키다)";"2";"232";"251"
"545";"14";"Triumph";"승리(하다) ";"2";"219";"245"
"546";"14";"Document";"문서, 기록하다";"1";"249";"267"
"547";"14";"Suspect";"의심하다, 용의자";"2";"234";"244"
"548";"14";"Propose";"제안하다";"2";"245";"253"
"549";"14";"Install";"설치하다";"2";"252";"271"
"550";"14";"Prohibit";"금지하다";"3";"230";"252"
"551";"14";"Appropriate";"적절한";"3";"219";"246"
"552";"14";"Scholarship";"학문";"1";"252";"274"
"553";"14";"Execute";"실행하다";"3";"209";"235"
"554";"14";"Deviation";"변경, 일탈";"1";"226";"265"
"555";"14";"Receipt";"영수증";"1";"233";"238"
"556";"14";"Defect";"결점";"3";"234";"264"
"557";"14";"Commute";"통근(하다) ";"3";"234";"274"
"558";"14";"Trait";"특성";"2";"217";"243"
"559";"14";"Split";"찢다, 쪼개진 분열";"2";"229";"236"
"560";"14";"Modest";"겸손한, 알맞은";"2";"241";"255"
"561";"15";"Virtual";"가상의, 사실상의";"1";"201";"216"
"562";"15";"Nutrition";"영양";"3";"200";"215"
"563";"15";"Inner";"내부의";"2";"225";"237"
"564";"15";"Contrary";"반대(의) ";"3";"189";"213"
"565";"15";"Ensure";"분명히하다";"2";"210";"234"
"566";"15";"Supervise";"관리하다";"3";"209";"232"
"567";"15";"Inhabit";"거주하다";"3";"237";"257"
"568";"15";"Earthquake";"지진";"2";"236";"244"
"569";"15";"Enroll";"입학하다, 등록하다";"1";"202";"222"
"570";"15";"Seal";"봉인(하다), 바다표범";"3";"212";"221"
"571";"15";"Greed";"탐욕";"2";"210";"226"
"572";"15";"Debate";"토론(하다) ";"3";"198";"215"
"573";"15";"Compare";"비교하다";"3";"207";"216"
"574";"15";"Abandon";"포기하다";"3";"216";"236"
"575";"15";"Conquer";"극복하다";"3";"189";"217"
"576";"15";"Nevertheless";"그럼에도 불구하고";"2";"226";"232"
"577";"15";"Altruism";"이타주의";"1";"212";"220"
"578";"15";"Contract";"계약하다, 계약서";"3";"210";"240"
"579";"15";"Retail";"소매(하다)";"3";"206";"225"
"580";"15";"Prejudice";"편견";"3";"230";"248"
"581";"15";"Agency";"대리점";"1";"232";"243"
"582";"15";"Nurture";"양육(하다)";"2";"187";"221"
"583";"15";"Priest";"성직자";"2";"228";"239"
"584";"15";"Elegant";"고상한";"2";"219";"230"
"585";"15";"Appear";"나타나다";"2";"215";"224"
"586";"15";"Impose";"부과하다";"3";"215";"236"
"587";"15";"Masterpiece";"대작";"3";"213";"222"
"588";"15";"Harsh";"거친";"2";"216";"239"
"589";"15";"Drought";"가뭄";"2";"188";"205"
"590";"15";"Arise";"발생하다";"3";"199";"218"
"591";"15";"Criteria";"표준들";"1";"199";"230"
"592";"15";"Extraordinary";"비범한";"3";"239";"244"
"593";"15";"Swallow";"삼키다, 삼킴";"2";"205";"215"
"594";"15";"Dim";"흐릿한, 흐려지다";"2";"186";"215"
"595";"15";"General";"일반적인";"2";"223";"241"
"596";"15";"Scream";"절규(하다)";"2";"217";"225"
"597";"15";"Strenuous";"피나는, 격렬한";"2";"185";"226"
"598";"15";"Spill";"엎지르다, 엎지름";"2";"219";"231"
"599";"15";"Glare";"빛나다, 번쩍임";"2";"193";"212"
"600";"15";"Modify";"수정하다";"3";"216";"226"
"601";"16";"Usual";"보통의";"1";"172";"189"
"602";"16";"Routine";"일상적인(일)";"3";"210";"215"
"603";"16";"Eliminate";"제거하다";"3";"206";"214"
"604";"16";"Deny";"거절하다";"3";"224";"358"
"605";"16";"Sensitive";"민감한";"3";"201";"207"
"606";"16";"Tragic";"비극의, 비장한";"2";"195";"329"
"607";"16";"Deprive";"박탈하다";"3";"221";"232"
"608";"16";"Interfere";"방해하다";"2";"181";"193"
"609";"16";"Temporary";"일시적인";"3";"209";"348"
"610";"16";"Council";"협(의)회";"3";"209";"220"
"611";"16";"Adolescent";"청소년(기의)";"2";"202";"333"
"612";"16";"Arctic";"북극의";"2";"191";"198"
"613";"16";"Capture";"포획(하다)";"3";"198";"206"
"614";"16";"Dilute";"묽은, 희석시키다";"1";"167";"190"
"615";"16";"Associate";"연관짓다, 교제하다";"3";"198";"209"
"616";"16";"Warehouse";"창고";"2";"211";"219"
"617";"16";"Crew";"승무원";"2";"205";"221"
"618";"16";"Barrier";"장애물";"3";"178";"188"
"619";"16";"Pedestrian";"보행자(의)";"2";"195";"206"
"620";"16";"Welfare";"복지";"3";"210";"343"
"621";"16";"Errand";"심부름";"2";"168";"202"
"622";"16";"Irritate";"짜증나게하다";"1";"175";"199"
"623";"16";"Glance";"흘긋봄, 흘긋보다";"2";"189";"324"
"624";"16";"Cruel";"잔인한";"1";"206";"222"
"625";"16";"Fold";"접다";"2";"197";"329"
"626";"16";"Trial";"시도, 실험";"2";"212";"234"
"627";"16";"Tribe";"부족";"3";"197";"212"
"628";"16";"Profound";"심오한";"3";"181";"201"
"629";"16";"Annals";"연대기";"1";"199";"210"
"630";"16";"Distinguish";"구별하다";"3";"211";"221"
"631";"16";"Statement";"진술, 성명서";"1";"174";"192"
"632";"16";"Prevail";"우세하다";"3";"220";"363"
"633";"16";"Infection";"전염";"2";"207";"216"
"634";"16";"Widespread";"널리퍼진";"2";"190";"198"
"635";"16";"Drastic";"격렬한";"2";"192";"213"
"636";"16";"Fade";"희미해지다";"2";"186";"195"
"637";"16";"Stiffen";"굳어지다";"1";"178";"197"
"638";"16";"Weapon";"무기";"2";"204";"338"
"639";"16";"Reinforcement";"강화";"1";"210";"225"
"640";"16";"Germ";"미생물";"2";"192";"328"
"641";"17";"Endanger";"위험에 빠뜨리다";"1";"152";"162"
"642";"17";"Pile";"축적(하다)";"2";"171";"185"
"643";"17";"Atom";"원자";"1";"169";"170"
"644";"17";"Peer";"동료";"3";"176";"180"
"645";"17";"Enrich";"풍성하게 하다";"2";"179";"187"
"646";"17";"Protect";"보호하다";"3";"174";"185"
"647";"17";"Renew";"갱신하다";"3";"151";"162"
"648";"17";"Adjust";"조절하다";"3";"180";"186"
"649";"17";"Noble";"귀족의";"3";"181";"191"
"650";"17";"Candidate";"후보자";"2";"179";"194"
"651";"17";"Ideal";"이상(적인)";"2";"174";"186"
"652";"17";"Result";"결과(로서 생기다)";"2";"150";"158"
"653";"17";"Ethnic";"민족의";"1";"174";"184"
"654";"17";"Foretell";"예언하다";"2";"172";"185"
"655";"17";"Wonder";"이상하게여기다";"1";"149";"159"
"656";"17";"Wholesale";"도매(의)";"1";"173";"189"
"657";"17";"Debt";"빚";"3";"165";"178"
"658";"17";"Representative";"대표(하는)";"2";"172";"176"
"659";"17";"Oral";"구두의";"2";"185";"193"
"660";"17";"Realize";"현실화하다";"2";"177";"191"
"661";"17";"Excess";"초과(량)";"1";"182";"189"
"662";"17";"Appliance";"(가정용) 기구";"2";"176";"185"
"663";"17";"Furthermore";"게다가";"1";"180";"185"
"664";"17";"Command";"명령(하다)";"3";"186";"198"
"665";"17";"Ecosystem";"생태계";"2";"177";"179"
"666";"17";"Nap";"낮잠(자다)";"2";"181";"192"
"667";"17";"Fame";"명성";"3";"164";"173"
"668";"17";"Shift";"변화, 바꾸다, 이동(하다)";"2";"174";"185"
"669";"17";"Outstanding";"눈에띄는";"3";"165";"169"
"670";"17";"Drift";"표류(하다)";"2";"156";"172"
"671";"17";"Mislead";"잘못 인도하다";"1";"183";"187"
"672";"17";"Dedicate";"헌납하다";"3";"170";"183"
"673";"17";"Avoid";"피하다";"3";"177";"191"
"674";"17";"Initial";"처음의";"3";"182";"192"
"675";"17";"Beard";"턱수염";"2";"161";"170"
"676";"17";"Haste";"급함";"1";"156";"180"
"677";"17";"Crush";"뭉개다";"1";"191";"207"
"678";"17";"Confront";"직면하다";"3";"168";"177"
"679";"17";"Destiny";"운명";"2";"183";"195"
"680";"17";"Hardship";"고난";"2";"185";"190"
"681";"18";"Valid";"유효한";"3";"168";"180"
"682";"18";"Entire";"전체의, 완전한, 전부";"1";"156";"161"
"683";"18";"Dispose";"배치하다, 처리하다";"2";"172";"181"
"684";"18";"Optimal";"최상의";"2";"177";"194"
"685";"18";"Hydrogen";"수소";"3";"156";"160"
"686";"18";"Thread";"실(을꿰다)";"2";"168";"175"
"687";"18";"Dynasty";"왕조";"2";"184";"193"
"688";"18";"Scatter";"흩뿌리다";"2";"163";"166"
"689";"18";"Gamble";"도박(을하다)";"1";"185";"187"
"690";"18";"Temper";"성질";"3";"170";"182"
"691";"18";"Craft";"솜씨,공예";"2";"176";"187"
"692";"18";"Undoubtedly";"의심할 여지 없이";"1";"187";"194"
"693";"18";"Raft";"고무보트";"2";"196";"206"
"694";"18";"Minimal";"최소의";"1";"169";"170"
"695";"18";"Soak";"적시다, 젖다";"2";"161";"166"
"696";"18";"Exist";"존재하다";"3";"159";"169"
"697";"18";"Combat";"전투, 싸우다";"2";"174";"178"
"698";"18";"Cease";"그만두다";"3";"166";"184"
"699";"18";"Ceiling";"천장, 상한선";"2";"182";"188"
"700";"18";"Unify";"~을 통합하다";"3";"153";"159"
"701";"18";"Perspective";"관점";"3";"184";"200"
"702";"18";"Doom";"~할 운명이다";"2";"165";"188"
"703";"18";"Bump";"충돌(하다)";"2";"176";"179"
"704";"18";"Genre";"장르";"2";"177";"180"
"705";"18";"Erase";"지우다";"1";"162";"165"
"706";"18";"Moderate";"온건한, 적당한";"2";"168";"175"
"707";"18";"Graze";"풀을 뜯다, 방목하다";"2";"182";"189"
"708";"18";"Vital";"생명의";"3";"148";"163"
"709";"18";"Incident";"사건";"3";"170";"182"
"710";"18";"Session";"회의, 수업시간, 학기";"2";"145";"153"
"711";"18";"Fragile";"부서지기 쉬운";"3";"165";"173"
"712";"18";"Review";"재검토, 비평(하다)";"3";"166";"170"
"713";"18";"Geometry";"기하학";"3";"180";"183"
"714";"18";"Budget";"예산(안)";"2";"171";"182"
"715";"18";"Myth";"신화, 사회적 통념";"2";"174";"180"
"716";"18";"Fur";"모피";"2";"183";"184"
"717";"18";"Indifferent";"무관심한";"3";"166";"179"
"718";"18";"Strain";"긴장시키다, 팽팽하게 하다";"3";"185";"195"
"719";"18";"obvious";"명백한, 분명한";"2";"165";"171"
"720";"18";"Ingredient";"성분";"3";"164";"175"
"721";"19";"Dismiss";"해고하다";"3";"160";"170"
"722";"19";"Glacier";"빙하";"2";"158";"169"
"723";"19";"Urge";"촉구하다, 강요하다";"1";"167";"184"
"724";"19";"Celebrity";"명성, 유명인사";"2";"162";"166"
"725";"19";"Antique";"골동품, 미술품의";"3";"177";"184"
"726";"19";"Sphere";"구(체)";"3";"182";"187"
"727";"19";"Inherit";"~을 상속하다";"3";"158";"166"
"728";"19";"Disgrace";"불명예";"2";"172";"181"
"729";"19";"Crawl";"기어가다, 서행하다";"2";"167";"179"
"730";"19";"Scratch";"할퀴다, 찰과상";"2";"165";"175"
"731";"19";"Diabetes";"당뇨병";"2";"166";"175"
"732";"19";"Congestion";"밀집, 혼잡";"2";"157";"175"
"733";"19";"Constitute";"구성하다";"2";"169";"184"
"734";"19";"Barter";"물물교환(하다)";"2";"158";"176"
"735";"19";"Investigate";"수사하다";"2";"159";"171"
"736";"19";"Circular";"원의, 순환의";"2";"198";"204"
"737";"19";"Chilly";"냉담한";"1";"168";"181"
"738";"19";"Profit";"이익, 이윤, 이자";"1";"165";"173"
"739";"19";"Fierce";"맹렬한";"2";"167";"181"
"740";"19";"Vague";"막연한";"3";"167";"191"
"741";"19";"Editorial";"사설, 논란";"1";"150";"163"
"742";"19";"Content";"만족하여, 내용(물)";"2";"170";"175"
"743";"19";"Flow";"흐르다, 흐름";"1";"181";"186"
"744";"19";"Obstacle";"장애물";"3";"157";"169"
"745";"19";"Fertile";"비옥한";"3";"178";"187"
"746";"19";"Abolish";"폐지하다";"3";"160";"178"
"747";"19";"Assure";"보증하다, 확실하게 하다";"2";"172";"181"
"748";"19";"Rehearsal";"리허설";"1";"179";"185"
"749";"19";"Gender";"성별";"2";"169";"176"
"750";"19";"Innovation";"혁신";"2";"159";"161"
"751";"19";"Emperor";"황제";"2";"171";"174"
"752";"19";"Dwell";"거주하다";"2";"150";"177"
"753";"19";"Opponent";"반대하는, 반대자";"2";"192";"199"
"754";"19";"Chore";"허드렛일";"2";"176";"183"
"755";"19";"Fossil";"화석";"2";"193";"201"
"756";"19";"Glitter";"반짝이다, 반짝임";"2";"167";"175"
"757";"19";"Carve";"베다, 조각하다";"2";"174";"184"
"758";"19";"Decay";"부식(하다), 쇠퇴하다";"3";"178";"186"
"759";"19";"Protein";"단백질";"2";"162";"171"
"760";"19";"Backward";"뒤쪽으로, 거꾸로";"2";"174";"179"
"761";"20";"Tissue";"(생물의 근육, 신경) 조직";"2";"181";"197"
"762";"20";"Refresh";"상쾌하게 하다";"2";"181";"182"
"763";"20";"Present";"제출하다, 현재의, 선물";"3";"183";"187"
"764";"20";"Form";"형성하다, 형태";"3";"176";"177"
"765";"20";"Lord";"군주";"2";"169";"172"
"766";"20";"Substitute";"대체하다, 대체물";"2";"194";"200"
"767";"20";"Scan";"유심히쳐다보다";"2";"187";"194"
"768";"20";"Pottery";"도자기";"1";"167";"182"
"769";"20";"Layer";"층, 겹";"2";"181";"186"
"770";"20";"Rise";"일어나다, 오름, 상승";"2";"153";"155"
"771";"20";"Radiant";"빛나는";"1";"178";"194"
"772";"20";"Exclaim";"(감탄하여) 외치다";"2";"175";"184"
"773";"20";"Polish";"닦다";"2";"169";"190"
"774";"20";"Flavor";"맛(을 내다)";"2";"201";"206"
"775";"20";"Imprint";"찍다, 감명시키다";"1";"188";"199"
"776";"20";"Heritage";"유산";"3";"187";"195"
"777";"20";"Strive";"노력하다";"1";"191";"209"
"778";"20";"Property";"재산";"3";"158";"173"
"779";"20";"Majesty";"위엄";"2";"179";"187"
"780";"20";"Portray";"묘사하다";"2";"174";"205"
"781";"20";"Subscribe";"정기구독하다";"2";"184";"192"
"782";"20";"Shrug";"(어깨를) 으쓱하다";"2";"201";"215"
"783";"20";"Wage";"급료";"1";"177";"192"
"784";"20";"Asset";"자산, 자질";"2";"149";"167"
"785";"20";"Intimate";"친밀한";"2";"162";"184"
"786";"20";"Merit";"장점, 공로";"2";"156";"172"
"787";"20";"Launch";"(로켓, 우주선) 발사하다";"2";"182";"190"
"788";"20";"Conference";"회의";"1";"203";"213"
"789";"20";"Reception";"환영회, 접수";"1";"192";"208"
"790";"20";"Administer";"관리하다";"3";"183";"193"
"791";"20";"Vicious";"사악한";"2";"172";"182"
"792";"20";"Cherish";"소중히 하다";"2";"173";"195"
"793";"20";"Accuse";"고발하다, 비난하다";"3";"178";"190"
"794";"20";"Eternal";"영원한";"2";"167";"175"
"795";"20";"Shrink";"축소하다, 수축하다";"2";"171";"185"
"796";"20";"Overwhelm";"압도하다, 당황하게 하다";"3";"187";"192"
"797";"20";"Transmit";"전달하다";"3";"191";"204"
"798";"20";"Copper";"구리(빛)(의)";"2";"189";"195"
"799";"20";"Orbit";"궤도(를 그리며 돌다)";"2";"205";"213"
"800";"20";"Colleague";"동료";"2";"170";"176"
"801";"21";"Discard";"버리다";"2";"228";"238"
"802";"21";"Famine";"기아";"2";"212";"232"
"803";"21";"Pill";"알약";"2";"209";"213"
"804";"21";"Enhance";"향상시키다 ";"2";"191";"208"
"805";"21";"Immune";"면역성의, 면제의";"2";"220";"233"
"806";"21";"Superior";"우월한";"3";"194";"202"
"807";"21";"String";"끈";"2";"221";"225"
"808";"21";"Cope";"대처하다";"2";"200";"214"
"809";"21";"Raw";"날 것의";"2";"220";"230"
"810";"21";"Apply";"적용하다";"3";"188";"194"
"811";"21";"Cattle";"소(떼)";"1";"166";"174"
"812";"21";"Loan";"대출(하다)";"2";"213";"219"
"813";"21";"Obedient";"유순한";"1";"204";"223"
"814";"21";"Procedure";"절차";"1";"195";"208"
"815";"21";"Bond";"결속";"3";"205";"214"
"816";"21";"Therapy";"치료";"2";"200";"215"
"817";"21";"Subtle";"미묘한";"2";"181";"208"
"818";"21";"Depict";"묘사하다";"2";"201";"220"
"819";"21";"Radical";"과격한, 급진주의자";"2";"180";"205"
"820";"21";"Angle";"각도, 모서리";"1";"208";"208"
"821";"21";"Caution";"조심, 주의(하다)";"2";"238";"250"
"822";"21";"Persist";"고집하다, 지속하다";"3";"218";"229"
"823";"21";"Reverse";"반대";"3";"237";"240"
"824";"21";"Architecture";"건축";"2";"217";"221"
"825";"21";"Territory";"영토";"3";"209";"221"
"826";"21";"Strategy";"전략";"2";"218";"223"
"827";"21";"Hence";"그러므로";"1";"215";"244"
"828";"21";"Panic";"갑작스런 공포, 공황";"2";"227";"248"
"829";"21";"Wilderness";"황야";"1";"213";"232"
"830";"21";"Attract";"끌다";"3";"239";"253"
"831";"21";"Category";"범주";"1";"234";"247"
"832";"21";"Murder";"살인(하다)";"3";"210";"214"
"833";"21";"Funeral";"장례식, 장례의";"2";"231";"238"
"834";"21";"Humiliation";"창피함, 굴욕";"1";"202";"220"
"835";"21";"Flush";"(얼굴이) 붉어지다";"2";"192";"211"
"836";"21";"Omit";"생략하다, 빼다";"3";"221";"240"
"837";"21";"Outcome";"결과";"3";"223";"232"
"838";"21";"Alert";"방심하지 않는, 기민한";"2";"218";"254"
"839";"21";"Despair";"절망(하다)";"3";"214";"228"
"840";"21";"Compact";"아담한, 밀집한, 꽉 채우다";"2";"229";"244"
"841";"22";"Likewise";"마찬가지로";"1";"219";"228"
"842";"22";"Astonish";"놀라게 하다";"1";"221";"246"
"843";"22";"Optimistic";"낙천적인";"1";"223";"234"
"844";"22";"Loyal";"충성스러운, 성실한";"3";"232";"245"
"845";"22";"Humid";"습기있는";"2";"231";"248"
"846";"22";"Pretend";"주장하다, ~인 척 하다";"3";"203";"219"
"847";"22";"Deluxe";"호화로운, 사치스러운";"1";"221";"232"
"848";"22";"Delicate";"섬세한";"2";"212";"234"
"849";"22";"Inflate";"팽창시키다";"1";"217";"232"
"850";"22";"Adequate";"적당한";"3";"231";"251"
"851";"22";"Physician";"(내과) 의사";"2";"228";"235"
"852";"22";"Joint";"이음매, 관절";"1";"232";"244"
"853";"22";"Via";"~에 의하여";"3";"206";"225"
"854";"22";"Passage";"통과";"3";"208";"219"
"855";"22";"Prefer";"~을 선호하다";"3";"204";"218"
"856";"22";"Vessel";"(물건을 담는) 용기, 배";"2";"211";"222"
"857";"22";"Restore";"복구하다, 회복하다";"2";"220";"232"
"858";"22";"Passive";"수동적인, 간접의";"2";"212";"228"
"859";"22";"Experience";"경험(하다)";"2";"214";"230"
"860";"22";"Marble";"대리석(의)";"1";"198";"205"
"861";"22";"Classify";"분류하다";"2";"221";"232"
"862";"22";"Fundamental";"근본(의)";"2";"219";"232"
"863";"22";"Transaction";"거래, 처리";"2";"201";"219"
"864";"22";"Sufficient";"충분한";"3";"237";"240"
"865";"22";"Stable";"안정된";"3";"200";"211"
"866";"22";"Sympathy";"동정";"3";"196";"204"
"867";"22";"By-Product";"부산물";"1";"218";"231"
"868";"22";"Edible";"식용의";"1";"212";"230"
"869";"22";"Federal";"연방의, 연합의";"1";"233";"255"
"870";"22";"Bud";"싹(트다)";"2";"203";"214"
"871";"22";"Trivial";"사소한";"3";"193";"210"
"872";"22";"Anxiety";"걱정, 불안";"2";"219";"224"
"873";"22";"Tablet";"(의학) 정제, 알약";"1";"200";"220"
"874";"22";"Prepare";"준비하다";"3";"213";"226"
"875";"22";"Liquid";"액체";"1";"218";"226"
"876";"22";"Contend";"싸우다, 경쟁하다";"2";"194";"237"
"877";"22";"Outlook";"전망, 조망";"3";"244";"250"
"878";"22";"Roam";"배회하다";"2";"208";"230"
"879";"22";"Decent";"버젓한";"2";"190";"239"
"880";"22";"Tenant";"세입자";"2";"234";"249"
"881";"23";"Behalf";"이익, 자기편";"2";"192";"219"
"882";"23";"Suffer";"고통받다";"2";"206";"215"
"883";"23";"Distortion";"왜곡";"1";"227";"243"
"884";"23";"Infinite";"무한의";"3";"214";"218"
"885";"23";"Anticipate";"예상하다, 기대하다";"3";"222";"235"
"886";"23";"Symbolic";"상징적인";"1";"250";"255"
"887";"23";"Municipal";"지방의";"1";"198";"236"
"888";"23";"Phenomenon";"현상, 사건";"2";"208";"215"
"889";"23";"Peasant";"소작농";"1";"206";"216"
"890";"23";"Concern";"~에 관계하다, 관심사";"2";"205";"236"
"891";"23";"Worthwhile";"~할 가치가 있는";"2";"174";"181"
"892";"23";"Pavement";"보도";"1";"213";"241"
"893";"23";"Dioxide";"이산화물";"2";"209";"233"
"894";"23";"Diminish";"감소하다(시키다)";"3";"213";"219"
"895";"23";"Jealous";"질투하다";"2";"213";"226"
"896";"23";"Limp";"절뚝거리다, 기운이 없는";"2";"187";"208"
"897";"23";"Exclude";"배제하다";"3";"205";"215"
"898";"23";"Flexible";"융통성 있는";"3";"213";"228"
"899";"23";"Nominate";"추천하다";"1";"207";"253"
"900";"23";"Sacred";"신성한";"3";"204";"229"
"901";"23";"Ranch";"목장";"2";"198";"215"
"902";"23";"Support";"지지하다";"3";"221";"231"
"903";"23";"Mammal";"포유동물";"2";"220";"232"
"904";"23";"Iceberg";"빙산";"1";"220";"230"
"905";"23";"Monetary";"화폐의";"1";"175";"195"
"906";"23";"Revise";"개정하다";"2";"191";"208"
"907";"23";"Resent";"분개하다";"3";"212";"238"
"908";"23";"Superb";"최고의";"2";"200";"215"
"909";"23";"Abrupt";"갑작스러운";"2";"186";"212"
"910";"23";"Diverse";"다양한";"3";"205";"224"
"911";"23";"Internal";"내부의";"1";"217";"220"
"912";"23";"Gloom";"어둠, 우울";"1";"222";"230"
"913";"23";"Amplify";"확대하다, 증폭시키다";"1";"214";"233"
"914";"23";"Refine";"정제하다";"3";"205";"215"
"915";"23";"Dynamic";"동적인";"2";"207";"218"
"916";"23";"Nerve";"신경";"1";"214";"235"
"917";"23";"Prompt";"즉각적인";"2";"206";"233"
"918";"23";"Suspend";"매달다";"3";"176";"206"
"919";"23";"Control";"관리하다, 지배, 제어";"2";"212";"224"
"920";"23";"Distraction";"산만함";"1";"207";"235"
"921";"24";"Collapse";"붕괴하다";"2";"180";"196"
"922";"24";"Monologue";"독백";"2";"184";"191"
"923";"24";"Martial";"전쟁의, 군대의";"2";"177";"205"
"924";"24";"Deliberate";"의도적인, 신중한";"2";"166";"191"
"925";"24";"Trigger";"방아쇠";"2";"181";"195"
"926";"24";"Plot";"음모, 계획(을 꾸미다)";"2";"175";"189"
"927";"24";"Rod";"막대기, 회초리";"2";"198";"215"
"928";"24";"Atlantic";"대서양(의)";"1";"183";"194"
"929";"24";"Industry";"산업(계)";"2";"189";"196"
"930";"24";"Weird";"기묘한";"2";"181";"190"
"931";"24";"Suggest";"제안하다";"2";"198";"205"
"932";"24";"Partial";"부분적인";"3";"193";"203"
"933";"24";"Priceless";"대단히 소중한";"3";"206";"217"
"934";"24";"Mutual";"서로의, 공통의";"3";"168";"190"
"935";"24";"Fate";"운명";"2";"188";"193"
"936";"24";"Booth";"부스, 매점";"2";"191";"198"
"937";"24";"Pursue";"추구하다, 쫒다";"3";"192";"209"
"938";"24";"Prescribe";"규정하다, (약을)처방하다";"3";"182";"192"
"939";"24";"Erupt";"분출하다, 폭발하다";"3";"192";"206"
"940";"24";"Insult";"모욕(하다)";"3";"182";"202"
"941";"24";"Gaze";"뚫어지게 보다";"2";"179";"195"
"942";"24";"Supreme";"최고(의)";"2";"201";"220"
"943";"24";"Lever";"지레, 레버(를 쓰다)";"1";"179";"187"
"944";"24";"Paralysis";"마비";"1";"173";"189"
"945";"24";"Dominate";"지배하다";"1";"179";"187"
"946";"24";"Vehicle";"탈 것";"2";"185";"192"
"947";"24";"Context";"문맥";"3";"175";"184"
"948";"24";"Brochure";"소책자, 브로셔";"1";"204";"212"
"949";"24";"Sew";"바느질하다";"2";"185";"192"
"950";"24";"Masculine";"남자의, 남자다운";"1";"183";"203"
"951";"24";"Force";"강요하다, 힘";"3";"201";"206"
"952";"24";"Frown";"얼굴을 찡그리다, 찡그린 얼굴";"2";"181";"194"
"953";"24";"Vest";"조끼";"1";"195";"201"
"954";"24";"Astound";"놀라게 하다";"1";"181";"203"
"955";"24";"Dictator";"독재자";"2";"175";"186"
"956";"24";"Alley";"오솔길, 골목길";"2";"168";"185"
"957";"24";"Gain";"얻다, 이익";"2";"180";"188"
"958";"24";"Crucial";"중대한, 결정적인";"2";"174";"190"
"959";"24";"Curriculum";"교육과정";"3";"206";"213"
"960";"24";"Deck";"갑판";"2";"178";"192"
"961";"25";"Complete";"완료하다, 완전한";"3";"175";"180"
"962";"25";"Miserable";"비참한";"1";"180";"184"
"963";"25";"Tease";"약올리다";"2";"156";"171"
"964";"25";"Aggressive";"공격적인, 적극적인";"2";"169";"176"
"965";"25";"Attribute";"~의 탓으로 돌리다";"3";"158";"176"
"966";"25";"Foster";"육성하다, 촉진시키다";"2";"154";"172"
"967";"25";"Rob";"훔치다, 강탈하다";"1";"182";"192"
"968";"25";"Postpone";"뒤로 미루다";"3";"179";"184"
"969";"25";"Abuse";"남용(하다)";"3";"160";"166"
"970";"25";"Blueprint";"청사진(을 작성하다)";"1";"173";"180"
"971";"25";"Unemployed";"실업의, 실직한";"1";"163";"166"
"972";"25";"Breakdown";"고장, 쇠약";"2";"138";"148"
"973";"25";"Disguise";"변장(시키다)";"2";"148";"162"
"974";"25";"Tin";"양철, 주석";"1";"131";"141"
"975";"25";"Sermon";"설교 ";"2";"152";"165"
"976";"25";"Psychologist";"심리학자";"1";"169";"172"
"977";"25";"Output";"생산(고)";"1";"162";"177"
"978";"25";"Sprout";"싹(이 트다)";"2";"149";"158"
"979";"25";"Rear";"뒤(의)";"2";"148";"166"
"980";"25";"Reform";"개혁(하다)";"3";"163";"170"
"981";"25";"Deal";"다루다, 처리하다, 거래";"2";"157";"162"
"982";"25";"Recruit";"징집하다";"3";"163";"185"
"983";"25";"Choke";"질식시키다, 숨이 막히다";"2";"178";"191"
"984";"25";"Workshop";"작업장";"1";"166";"170"
"985";"25";"Patient";"인내심 있는";"3";"162";"170"
"986";"25";"Convention";"집회, 총회";"3";"186";"194"
"987";"25";"Devastate";"황폐시키다";"1";"147";"160"
"988";"25";"Reap";"수확하다";"2";"156";"170"
"989";"25";"Overlook";"내려다보다, 간과하다";"3";"158";"160"
"990";"25";"Troop";"떼";"1";"158";"172"
"991";"25";"Reject";"거절하다";"3";"160";"168"
"992";"25";"Nourish";"영양분을 주다, 기르다";"3";"166";"172"
"993";"25";"Bay";"항만";"2";"172";"175"
"994";"25";"Stun";"기절시키다";"1";"162";"171"
"995";"25";"Goodwill";"호의, 친선 ";"1";"189";"197"
"996";"25";"Bulletin";"게시(물)";"2";"157";"173"
"997";"25";"Fluid";"유동체(의)";"3";"149";"152"
"998";"25";"Affair";"사건, 일";"3";"151";"176"
"999";"25";"Dawn";"새벽";"2";"166";"173"
"1000";"25";"Hostile";"적대적인";"3";"154";"176"
"1001";"26";"Tray";"쟁반 ";"1";"160";"172"
"1002";"26";"Respect";"존중하다, 존경";"2";"178";"184"
"1003";"26";"Await";"~을 기다리다";"2";"175";"180"
"1004";"26";"Mow";"(풀을) 베다";"1";"172";"182"
"1005";"26";"Lease";"임대(하다)";"2";"151";"169"
"1006";"26";"Racial";"인종의";"1";"156";"173"
"1007";"26";"Concrete";"구체적인 ";"3";"190";"201"
"1008";"26";"Satisfy";"만족시키다, 채우다";"2";"167";"170"
"1009";"26";"Kettle";"주전자, 솥";"1";"185";"192"
"1010";"26";"Perseverance";"인내심";"1";"161";"199"
"1011";"26";"Fatal";"치명적인";"2";"155";"162"
"1012";"26";"Compensate";"~에게 보상하다 ";"2";"169";"184"
"1013";"26";"Invert";"거꾸로 하다";"1";"149";"167"
"1014";"26";"Reign";"통치(하다)";"3";"160";"173"
"1015";"26";"Convert";"전환하다";"2";"182";"189"
"1016";"26";"Crack";"갈라진 틈, 금가다";"2";"174";"195"
"1017";"26";"Startle";"깜짝 놀라게 하다";"1";"157";"205"
"1018";"26";"Discourage";"낙담시키다";"2";"182";"191"
"1019";"26";"Pierce";"꿰뚫다";"2";"168";"184"
"1020";"26";"Tension";"긴장, 불안, 긴장시키다";"1";"195";"220"
"1021";"26";"Strike";"치다, 떠오르다";"1";"161";"168"
"1022";"26";"Suppress";"억압하다, 참다";"3";"172";"196"
"1023";"26";"Core";"핵심(의)";"3";"175";"198"
"1024";"26";"Contribute";"공헌하다";"2";"164";"196"
"1025";"26";"Spear";"창";"2";"175";"201"
"1026";"26";"Renowned";"유명한, 명성있는";"2";"187";"200"
"1027";"26";"Era";"시대 ";"2";"167";"195"
"1028";"26";"Withdraw";"인출하다 ";"3";"148";"173"
"1029";"26";"Immigrate";"이주해 오다";"2";"183";"190"
"1030";"26";"Dignity";"존엄";"2";"174";"200"
"1031";"26";"Notify";"공지하다 ";"2";"171";"197"
"1032";"26";"Animate";"살아 움직이게 하다, 살아있는";"2";"174";"184"
"1033";"26";"Tender";"부드러운";"3";"176";"189"
"1034";"26";"Bilingual";"2개 국어의 ";"2";"165";"172"
"1035";"26";"Mischief";"해악, 장난";"1";"168";"179"
"1036";"26";"Discriminate";"차별하다";"3";"166";"176"
"1037";"26";"Maintain";"유지하다, 지지하다";"3";"186";"191"
"1038";"26";"Adhere";"충실하다 ";"2";"155";"191"
"1039";"26";"Judge";"판단하다, 재판관";"1";"171";"174"
"1040";"26";"Peculiar";"독특한";"2";"159";"178"
"1041";"27";"Sanitation";"위생 ";"1";"154";"179"
"1042";"27";"Folktale";"민간 설화, 전설 ";"1";"170";"178"
"1043";"27";"Simultaneously";"동시에";"1";"176";"186"
"1044";"27";"Groom";"신랑";"1";"153";"169"
"1045";"27";"Supernatural";"초자연적인 ";"1";"185";"198"
"1046";"27";"Prevent";"예방하다";"3";"174";"187"
"1047";"27";"Instinct";"본능 ";"3";"157";"168"
"1048";"27";"Gigantic";"거대한 ";"2";"179";"190"
"1049";"27";"Meditate";"명상하다 ";"2";"164";"215"
"1050";"27";"Exemplify";"예시하다";"1";"166";"208"
"1051";"27";"Remove";"제거하다";"3";"156";"160"
"1052";"27";"Afflict";"괴롭히다 ";"2";"132";"156"
"1053";"27";"Literate";"읽고 쓸수 있는 ";"2";"180";"185"
"1054";"27";"Coherent";"통일성 있는, 조리 있는";"2";"160";"179"
"1055";"27";"Intolerable";"참을 수 없는";"1";"181";"195"
"1056";"27";"Fountain";"분수";"1";"162";"210"
"1057";"27";"Bold";"대담한, 선이 굵은";"2";"169";"181"
"1058";"27";"Compliment";"칭찬(하다)";"2";"181";"233"
"1059";"27";"Summit";"정상";"2";"158";"226"
"1060";"27";"Deliver";"배달하다";"3";"180";"189"
"1061";"27";"Alter";"변경하다 ";"3";"159";"172"
"1062";"27";"Conceive";"생각해내다";"3";"154";"178"
"1063";"27";"Durability";"내구성 ";"1";"152";"164"
"1064";"27";"Destroy";"파괴하다";"2";"177";"183"
"1065";"27";"Shallow";"얕은";"2";"186";"192"
"1066";"27";"Face";"직면하다, 얼굴, 표면";"2";"169";"216"
"1067";"27";"Particular";"특정한, 개개의, 사항";"2";"158";"164"
"1068";"27";"Grasp";"붙잡다";"2";"160";"168"
"1069";"27";"Overall";"전부의, 전체적인";"2";"153";"195"
"1070";"27";"Weep";"울다 ";"2";"166";"179"
"1071";"27";"Superstition";"미신";"3";"162";"177"
"1072";"27";"Colony";"식민지";"2";"190";"196"
"1073";"27";"Absurd";"불합리한, 우스꽝스러운";"3";"185";"209"
"1074";"27";"Dormitory";"기숙사";"2";"166";"179"
"1075";"27";"Casual";"유연한, 격식을 차리지 않는";"3";"171";"182"
"1076";"27";"Prone";"~하는 경향이 있는";"2";"198";"219"
"1077";"27";"Conceal";"숨기다";"2";"193";"201"
"1078";"27";"Retreat";"후퇴하다";"3";"162";"186"
"1079";"27";"Compulsive";"강제적인, 강박의 ";"1";"182";"239"
"1080";"27";"Clinic";"병원";"2";"187";"203"
"1081";"28";"Banner";"깃발, 현수막";"1";"205";"208"
"1082";"28";"Formula";"공식";"3";"173";"184"
"1083";"28";"Vow";"맹세(하다)";"2";"165";"185"
"1084";"28";"Malnutrition";"영양실조";"1";"186";"198"
"1085";"28";"Tame";"길들여진, 길들이다";"1";"159";"184"
"1086";"28";"Undergo";"겪다";"3";"170";"176"
"1087";"28";"Boast";"자랑하다, 떠벌리다";"2";"194";"220"
"1088";"28";"Neutral";"중립의, 공평한";"3";"170";"185"
"1089";"28";"Stain";"얼룩(지게 하다)";"2";"162";"179"
"1090";"28";"Wrestle";"씨름하다, 싸우다";"1";"169";"183"
"1091";"28";"Tendency";"경향";"1";"177";"182"
"1092";"28";"Float";"뜨다, 떠다니다";"2";"176";"181"
"1093";"28";"Applause";"박수갈채 ";"1";"187";"205"
"1094";"28";"Incentive";"격려하는, 자극하는";"2";"156";"176"
"1095";"28";"Sensation";"감각, 느낌 ";"3";"194";"198"
"1096";"28";"Confucian";"공자의, 유교의";"1";"167";"186"
"1097";"28";"Draft";"밑그림, 초안을 그리다";"2";"159";"176"
"1098";"28";"Crude";"가공하지 않은";"2";"152";"187"
"1099";"28";"Supplement";"보충(하다)";"2";"178";"192"
"1100";"28";"Velocity";"속력";"2";"168";"177"
"1101";"28";"Relate";"관련시키다";"3";"167";"175"
"1102";"28";"Molecule";"분자 ";"2";"191";"214"
"1103";"28";"Reed";"갈대(의)";"2";"162";"183"
"1104";"28";"Dismay";"실망시키다, 낙담시키다";"2";"165";"189"
"1105";"28";"Diagnose";"진단하다";"3";"168";"183"
"1106";"28";"Trim";"잘라내다, 다듬다";"2";"171";"192"
"1107";"28";"Reservoir";"저장소, 저수지";"2";"156";"178"
"1108";"28";"Conform";"적합하게하다, 순응시키다";"3";"160";"169"
"1109";"28";"Spacious";"넓은, 훤히 트인";"1";"141";"168"
"1110";"28";"Weave";"엮다, 짜다";"2";"143";"159"
"1111";"28";"Ceremony";"의식";"1";"170";"188"
"1112";"28";"Motive";"동기";"2";"169";"178"
"1113";"28";"Prominent";"현저한, 저명한";"3";"169";"177"
"1114";"28";"Archaeology";"고고학";"2";"170";"184"
"1115";"28";"Rigid";"완고한";"2";"148";"167"
"1116";"28";"Inferior";"열등한 ";"1";"155";"165"
"1117";"28";"Subtract";"빼다 ";"2";"180";"210"
"1118";"28";"Impulse";"충동, 추진 ";"3";"164";"189"
"1119";"28";"Utmost";"최대한, 최대한의";"3";"181";"191"
"1120";"28";"Proficient";"숙달된";"3";"168";"182"
"1121";"29";"Accumulate";"모으다 ";"3";"152";"166"
"1122";"29";"Navigate";"조종하다, 항해하다";"2";"164";"167"
"1123";"29";"Equity";"공평 ";"1";"178";"193"
"1124";"29";"Violate";"침해하다, 위반하다";"1";"161";"169"
"1125";"29";"Ambitious";"야심이 있는";"2";"155";"162"
"1126";"29";"Intact";"본래대로의, 손상되지 않은";"2";"159";"182"
"1127";"29";"Plea";"탄원, 변명";"1";"143";"158"
"1128";"29";"Anecdote";"일화, 비화 ";"2";"161";"176"
"1129";"29";"Versus";"~대(vs), ~와 대비하여";"2";"152";"162"
"1130";"29";"Embody";"구체화하다, 구현하다";"2";"154";"171"
"1131";"29";"Characteristic";"특징, 특색, 독특한";"1";"168";"174"
"1132";"29";"Pledge";"약속(하다), 맹세(하다)";"2";"166";"191"
"1133";"29";"Boundary";"경계(선) ";"2";"145";"160"
"1134";"29";"Attack";"공격(하다)";"3";"175";"178"
"1135";"29";"Confine";"한정하다, 한계 ";"3";"159";"169"
"1136";"29";"Dispatch";"급파하다, 발송하다";"2";"154";"168"
"1137";"29";"Diameter";"직경 ";"3";"160";"167"
"1138";"29";"Ultrasound";"초음파";"1";"160";"168"
"1139";"29";"Propriety";"적절성, 예의바름";"1";"147";"162"
"1140";"29";"Attend";"출석하다";"2";"168";"177"
"1141";"29";"Shrub";"관목";"2";"155";"171"
"1142";"29";"Consist";"이루어져 있다";"3";"133";"145"
"1143";"29";"Cost";"비용(이 들다)";"2";"176";"182"
"1144";"29";"Geology";"지질학";"3";"153";"158"
"1145";"29";"Detect";"발견하다";"3";"141";"149"
"1146";"29";"Temperate";"절제하는 ";"2";"143";"163"
"1147";"29";"Soar";"높이 치솟다";"2";"141";"153"
"1148";"29";"Mock";"조롱하다, 가짜의";"2";"146";"161"
"1149";"29";"Disclose";"드러내다, 폭로하다";"3";"131";"148"
"1150";"29";"Exhibit";"전시하다";"2";"143";"146"
"1151";"29";"Symptom";"증상";"2";"146";"152"
"1152";"29";"Damp";"축축한, 습기";"2";"137";"151"
"1153";"29";"Awkward";"서툰, 어색한";"2";"162";"173"
"1154";"29";"Grind";"갈다, 빻다";"1";"154";"164"
"1155";"29";"Expose";"드러내다, 폭로하다";"3";"159";"174"
"1156";"29";"Closet";"벽장 ";"3";"178";"180"
"1157";"29";"Manage";"~을 잘 해내다, 다루다";"3";"147";"156"
"1158";"29";"Script";"손으로 쓰기, 대본";"2";"151";"155"
"1159";"29";"Suitor";"소송인";"1";"175";"194"
"1160";"29";"Fad";"일시적 유행";"1";"147";"168"
"1161";"30";"Sibling";"형제, 자매 ";"1";"132";"139"
"1162";"30";"Linger";"오래 머물다, 계속되다";"3";"169";"181"
"1163";"30";"Flourish";"번창하다 ";"2";"164";"172"
"1164";"30";"Discharge";"배출(하다)";"3";"139";"156"
"1165";"30";"Thorough";"철저한 ";"1";"131";"154"
"1166";"30";"Undertake";"수행하다, 떠밀다 ";"3";"139";"154"
"1167";"30";"Cord";"(전기) 코드";"1";"148";"153"
"1168";"30";"Linguistic";"언어의, 언어학의";"1";"136";"144"
"1169";"30";"Remedy";"치료, 요법";"2";"140";"149"
"1170";"30";"Sole";"유일한";"3";"143";"154"
"1171";"30";"Sophomore";"2학년";"2";"149";"166"
"1172";"30";"Panel";"토론자단, 패널 ";"2";"155";"163"
"1173";"30";"Storage";"저장(고)";"1";"157";"166"
"1174";"30";"Pillar";"기둥";"1";"167";"184"
"1175";"30";"Explode";"폭발하다 ";"3";"149";"161"
"1176";"30";"Illusion";"환상";"2";"151";"158"
"1177";"30";"Swamp";"늪지 ";"1";"157";"171"
"1178";"30";"Coffin";"관";"2";"150";"169"
"1179";"30";"Divine";"신성한, 신의";"2";"133";"155"
"1180";"30";"Corrupt";"부정한, 부패한";"3";"138";"152"
"1181";"30";"Probe";"탐사선, 조사하다";"2";"155";"178"
"1182";"30";"Factual";"실제의";"2";"170";"180"
"1183";"30";"Regret";"후회하다, 유감";"1";"145";"149"
"1184";"30";"Expedition";"탐험 ";"3";"146";"153"
"1185";"30";"Abnormal";"비정상의 ";"3";"168";"178"
"1186";"30";"Possibility";"가능성, 가망";"2";"140";"147"
"1187";"30";"Revive";"되살아나다";"3";"138";"147"
"1188";"30";"Stool";"걸상, 변기";"1";"157";"173"
"1189";"30";"Hinder";"방해하다";"1";"139";"152"
"1190";"30";"Flattery";"아첨";"2";"144";"169"
"1191";"30";"Virtue";"미덕";"2";"155";"165"
"1192";"30";"Deadline";"마감 시간, 최종 기간";"2";"144";"148"
"1193";"30";"Equator";"적도";"2";"123";"137"
"1194";"30";"Cognitive";"인식의, 인식력 있는 ";"1";"162";"167"
"1195";"30";"Motion";"운동, 움직임, 몸짓";"2";"159";"163"
"1196";"30";"Bounce";"튀다, 뛰어오르다";"2";"152";"158"
"1197";"30";"Return";"반환, 돌려주다";"1";"178";"187"
"1198";"30";"Imprison";"투옥하다";"3";"166";"171"
"1199";"30";"Enlist";"모집하다";"1";"139";"144"
"1200";"30";"Hygiene";"위생(학)";"1";"145";"166"
"1201";"31";"Trace";"흔적(을 쫒다) ";"3";"180";"191"
"1202";"31";"Pulse";"맥박";"2";"160";"175"
"1203";"31";"Controversy";"논란, 논쟁 ";"3";"161";"173"
"1204";"31";"Locate";"~에 위치하다";"1";"181";"187"
"1205";"31";"Patent";"특허(권)(을 얻다)";"1";"167";"192"
"1206";"31";"Lyric";"노래가사, 서정적인 ";"1";"187";"191"
"1207";"31";"Convenience";"편의, 편리";"1";"160";"164"
"1208";"31";"Rush";"돌진하다";"2";"155";"160"
"1209";"31";"Carbon";"탄소";"2";"168";"171"
"1210";"31";"Contaminate";"오염시키다 ";"2";"134";"171"
"1211";"31";"External";"외부의";"2";"161";"170"
"1212";"31";"Herd";"짐승의 떼";"2";"166";"181"
"1213";"31";"Allocate";"할당하다, 배분하다";"2";"168";"181"
"1214";"31";"Gorgeous";"화려한 ";"1";"163";"175"
"1215";"31";"Confess";"고백하다";"3";"162";"177"
"1216";"31";"Subjective";"주관적인, 주격의 ";"2";"174";"182"
"1217";"31";"Hell";"지옥";"1";"164";"171"
"1218";"31";"Acknowledge";"인정하다";"3";"165";"173"
"1219";"31";"Accord";"일치하다, 일치";"3";"168";"182"
"1220";"31";"Immense";"막대한";"3";"171";"190"
"1221";"31";"Extract";"추출하다, 추출물 ";"2";"186";"197"
"1222";"31";"Sewage";"하수";"2";"159";"172"
"1223";"31";"Reconciliation";"화해 ";"1";"153";"172"
"1224";"31";"Amid";"~의 한 가운데";"2";"154";"180"
"1225";"31";"Warrant";"보증(하다)";"2";"159";"177"
"1226";"31";"Complement";"보완(하다)";"3";"121";"130"
"1227";"31";"Ceramic";"도자기, 도자기의";"1";"183";"193"
"1228";"31";"License";"면허, 인가";"2";"176";"185"
"1229";"31";"Emerge";"나오다, 나타나다, 드러나다";"1";"153";"172"
"1230";"31";"Halt";"정지(하다), 일시멈춤";"2";"140";"163"
"1231";"31";"Ivory";"상아(색) ";"1";"163";"168"
"1232";"31";"Ponder";"심사숙고하다";"3";"153";"174"
"1233";"31";"Lottery";"복권";"1";"150";"157"
"1234";"31";"Remain";"여전히 ~이다, 남다 ";"2";"170";"179"
"1235";"31";"Burglar";"강도";"1";"167";"181"
"1236";"31";"Blame";"비난(하다), 책망";"2";"174";"180"
"1237";"31";"Transplant";"이식(하다)";"3";"169";"178"
"1238";"31";"Cluster";"무리, 송이";"2";"162";"184"
"1239";"31";"Borrow";"빌리다 ";"2";"168";"171"
"1240";"31";"Derive";"끌어내다, ~에서 비롯하다";"2";"181";"202"
"1241";"32";"Plague";"전염병 ";"2";"137";"147"
"1242";"32";"Abundant";"풍부한 ";"2";"157";"163"
"1243";"32";"graduate";"졸업하다, 졸업생, 대학원생";"2";"171";"172"
"1244";"32";"Convey";"전달하다, 나르다";"3";"141";"147"
"1245";"32";"Depth";"깊이";"1";"153";"159"
"1246";"32";"Evaporate";"증발하다 ";"2";"185";"195"
"1247";"32";"Lame";"절름발이의";"1";"142";"159"
"1248";"32";"Conduct";"실시하다, 행위, 안내";"3";"175";"182"
"1249";"32";"Sour";"신맛이 나는";"2";"172";"172"
"1250";"32";"Repetitive";"반복성의 ";"1";"173";"184"
"1251";"32";"Oppress";"억압하다";"3";"164";"166"
"1252";"32";"Leftover";"나머지의, 남은";"1";"150";"154"
"1253";"32";"Embrace";"포옹(하다)";"2";"169";"194"
"1254";"32";"Blade";"칼날";"1";"158";"163"
"1255";"32";"Certificate";"증명서 ";"2";"178";"194"
"1256";"32";"Duplicate";"이중, 복제품, 복제하다";"3";"167";"174"
"1257";"32";"Remind";"생각나게 하다 ";"2";"172";"176"
"1258";"32";"Altitude";"고도, 높이";"3";"165";"170"
"1259";"32";"Glimpse";"흘긋 봄, 흘긋 보다";"1";"175";"185"
"1260";"32";"Blend";"혼합(하다)";"2";"170";"174"
"1261";"32";"Swell";"부풀다, 팽창 ";"2";"159";"169"
"1262";"32";"Grief";"큰 슬픔";"2";"163";"181"
"1263";"32";"Beverage";"음료 ";"2";"170";"183"
"1264";"32";"Warrior";"용사";"2";"187";"190"
"1265";"32";"Earn";"평판을 얻다, 벌다";"1";"158";"162"
"1266";"32";"Slice";"얇은 조각, 얇게 썰다";"2";"170";"172"
"1267";"32";"Exotic";"이국적인";"2";"160";"165"
"1268";"32";"Arrogant";"거만한 ";"3";"171";"184"
"1269";"32";"Vanish";"사라지다";"3";"164";"169"
"1270";"32";"Predominant";"뛰어난 ";"1";"147";"169"
"1271";"32";"Cozy";"아늑한";"2";"171";"179"
"1272";"32";"Broker";"중개인";"1";"150";"159"
"1273";"32";"Auction";"경매(에 부치다)";"2";"174";"178"
"1274";"32";"Obsess";"강박관념을 갖다";"1";"168";"189"
"1275";"32";"Feed";"먹이를 주다, 부양하다";"2";"184";"186"
"1276";"32";"Outbreak";"발발, 폭동";"2";"159";"166"
"1277";"32";"Invent";"발명하다";"2";"158";"161"
"1278";"32";"Pioneer";"개척자, 선구자, 개척하다 ";"2";"144";"150"
"1279";"32";"Assert";"주장하다 ";"1";"167";"183"
"1280";"32";"Undo";"원상태로 돌리다, 풀다";"1";"167";"174"
"1281";"33";"Bouquet";"꽃다발 ";"1";"162";"177"
"1282";"33";"Elaborate";"정교한, 공들인 ";"3";"129";"146"
"1283";"33";"Toss";"던지다";"1";"160";"169"
"1284";"33";"Retain";"보유하다 ";"3";"151";"167"
"1285";"33";"Radioactive";"방사성의 ";"2";"160";"172"
"1286";"33";"Buildup";"축적";"1";"144";"174"
"1287";"33";"Machinery";"기계 ";"2";"160";"171"
"1288";"33";"Passerby";"통행인";"2";"172";"183"
"1289";"33";"Auditorium";"강당";"2";"162";"168"
"1290";"33";"Lay";"낳다, 놓다";"2";"159";"170"
"1291";"33";"Neglect";"무시(하다), 소홀";"3";"167";"177"
"1292";"33";"Feedback";"반응, 피드백";"1";"168";"179"
"1293";"33";"Promote";"증진하다, 승진시키다";"2";"151";"157"
"1294";"33";"Impair";"손상시키다";"2";"144";"163"
"1295";"33";"Metaphor";"은유(법)";"1";"154";"173"
"1296";"33";"Dispense";"분배하다";"1";"131";"163"
"1297";"33";"Bruise";"타박상(을 입히다)";"2";"192";"220"
"1298";"33";"Race";"경쟁하다, 경주";"2";"141";"159"
"1299";"33";"Attorney";"변호사";"2";"147";"172"
"1300";"33";"Framework";"하부 구조, 뼈대 ";"1";"153";"163"
"1301";"33";"Heredity";"형질, 유전 ";"3";"164";"180"
"1302";"33";"Naive";"순진한";"1";"155";"171"
"1303";"33";"Shed";"떨구다";"2";"141";"170"
"1304";"33";"Metropolitan";"수도권의, 주요도시의 ";"1";"151";"158"
"1305";"33";"Shield";"방패";"2";"157";"163"
"1306";"33";"Induce";"유도하다, 설득하다";"3";"157";"173"
"1307";"33";"Bazaar";"시장, 바자";"1";"168";"174"
"1308";"33";"Expel";"쫒아내다";"3";"160";"177"
"1309";"33";"Plow";"쟁기(질하다)";"2";"158";"174"
"1310";"33";"Prolong";"연장하다";"2";"168";"182"
"1311";"33";"Fluent";"유창한";"3";"161";"174"
"1312";"33";"Margin";"가장자리 ";"2";"155";"182"
"1313";"33";"Ecology";"생태학";"3";"151";"159"
"1314";"33";"Interior";"내부(의)";"2";"162";"169"
"1315";"33";"Ornament";"장식(하다)";"1";"159";"188"
"1316";"33";"Separate";"분리하다";"3";"156";"176"
"1317";"33";"Ripe";"익은";"2";"152";"164"
"1318";"33";"Vibrate";"진동하다 ";"1";"172";"185"
"1319";"33";"Urgent";"긴급한, 다급한";"2";"147";"156"
"1320";"33";"Speculate";"사색하다,투기하다";"1";"146";"173"
"1321";"34";"Epidemic";"전염병(의)";"2";"142";"151"
"1322";"34";"Precede";"~에 앞서다, 먼저 일어나다";"3";"140";"152"
"1323";"34";"Breathtaking";"아슬아슬한, 숨막히는 ";"2";"126";"132"
"1324";"34";"Portfolio";"대표작품선집, 포트폴리오";"1";"155";"158"
"1325";"34";"Beware";"조심하다";"2";"140";"151"
"1326";"34";"Handcuff";"수갑";"1";"148";"150"
"1327";"34";"Overturn";"전복시키다, 전복 ";"1";"135";"148"
"1328";"34";"Pregnant";"임신한";"2";"154";"158"
"1329";"34";"Gross";"총합(의), 총이익을 올리다";"1";"141";"163"
"1330";"34";"Paste";"풀(칠하다) ";"1";"148";"151"
"1331";"34";"Summon";"소집하다, 소환하다";"3";"137";"146"
"1332";"34";"Assassinate";"~을 암살하다";"1";"135";"145"
"1333";"34";"Vapor";"증기, 증발하다";"2";"149";"154"
"1334";"34";"Tuition";"수업료";"2";"141";"154"
"1335";"34";"Loop";"고리";"1";"144";"153"
"1336";"34";"Literature";"문학";"2";"156";"157"
"1337";"34";"Quote";"인용하다";"2";"152";"159"
"1338";"34";"Inhale";"(숨을) 들이쉬다";"1";"124";"132"
"1339";"34";"Prospect";"가능성, 전망";"3";"153";"156"
"1340";"34";"Anchor";"닻(을 내리다)";"2";"130";"135"
"1341";"34";"Reference";"참조, 참고";"1";"158";"162"
"1342";"34";"Compound";"합성물, 합성의, 합성하다";"3";"133";"139"
"1343";"34";"Withstand";"견디다 ";"3";"156";"159"
"1344";"34";"Implement";"도구(를 주다) ";"3";"123";"140"
"1345";"34";"Anonymous";"익명의";"1";"148";"150"
"1346";"34";"Collide";"충돌하다";"1";"147";"164"
"1347";"34";"Memorial";"기념물, 기념관 ";"2";"146";"147"
"1348";"34";"Vacant";"빈, 비어 있는";"3";"126";"131"
"1349";"34";"Technical";"기술(기법)의";"1";"165";"167"
"1350";"34";"Settle";"정착하다, 결정하다";"3";"140";"143"
"1351";"34";"Orchard";"과수원";"1";"137";"148"
"1352";"34";"Sink";"가라앉다";"2";"142";"146"
"1353";"34";"Proportion";"비율, 부분";"3";"149";"153"
"1354";"34";"Antibiotic";"항생 물질";"3";"161";"161"
"1355";"34";"Overtake";"따라잡다";"3";"141";"150"
"1356";"34";"Resemble";"닮다";"2";"154";"162"
"1357";"34";"Wander";"돌아다니다, 방랑";"2";"134";"144"
"1358";"34";"Compassion";"연민, 동정";"3";"163";"166"
"1359";"34";"Preoccupation";"몰두 ";"1";"132";"147"
"1360";"34";"Adapt";"적응시키다";"3";"123";"123"
"1361";"35";"Provoke";"선동하다, 자극하다 ";"1";"126";"141"
"1362";"35";"Wicked";"사악한";"2";"146";"162"
"1363";"35";"Sprain";"삐다";"2";"143";"155"
"1364";"35";"Address";"연설(하다), 인사말";"2";"129";"144"
"1365";"35";"Propaganda";"선전 활동, 선전 ";"1";"140";"156"
"1366";"35";"Consistent";"일관된";"1";"160";"171"
"1367";"35";"Disrupt";"~을 혼란에 빠뜨리다";"1";"144";"164"
"1368";"35";"Solitary";"혼자의, 외로움 ";"2";"163";"173"
"1369";"35";"Bury";"파묻다";"1";"163";"174"
"1370";"35";"Transgenic";"이식 유전자의(에 의한)";"1";"153";"160"
"1371";"35";"Rust";"녹(슬다)";"1";"125";"143"
"1372";"35";"Tariff";"관세(를 부과하다)";"1";"134";"152"
"1373";"35";"Referee";"심판(하다)";"2";"126";"145"
"1374";"35";"Sector";"분야, 지역";"1";"145";"154"
"1375";"35";"Boost";"상승(시키다), 밀어올림";"2";"155";"163"
"1376";"35";"Gymnastics";"체육, 체조 ";"1";"147";"154"
"1377";"35";"Intelligence";"지능, 지성";"2";"152";"159"
"1378";"35";"Crook";"사기꾼 ";"2";"137";"155"
"1379";"35";"Discuss";"토론하다 ";"1";"130";"136"
"1380";"35";"Beloved";"사랑스러운";"2";"145";"151"
"1381";"35";"Yeast";"효모, 발효하다 ";"1";"140";"152"
"1382";"35";"Skyscraper";"마천루, 고층 건물";"1";"138";"148"
"1383";"35";"Inquire";"묻다, 조사하다";"3";"152";"164"
"1384";"35";"Spade";"삽";"1";"138";"152"
"1385";"35";"Vacuum";"진공(청소기) ";"3";"154";"161"
"1386";"35";"Migrate";"이동하다, 이주하다";"1";"131";"138"
"1387";"35";"Spectacle";"광경";"3";"145";"158"
"1388";"35";"Surplus";"나머지, 과잉(의)";"2";"136";"150"
"1389";"35";"Overlap";"겹치다, 중복";"1";"144";"154"
"1390";"35";"Integration";"통합";"1";"119";"149"
"1391";"35";"Hypothesis";"가설 ";"1";"142";"151"
"1392";"35";"Affirm";"단언하다";"2";"136";"158"
"1393";"35";"Fortress";"요새";"2";"148";"160"
"1394";"35";"Armor";"갑옷";"1";"146";"152"
"1395";"35";"Cue";"단서, 신호";"2";"127";"134"
"1396";"35";"Obscure";"분명치 않은 ";"2";"119";"141"
"1397";"35";"Divide";"나누다, 분리하다, 분할";"3";"144";"147"
"1398";"35";"Inborn";"타고난 ";"2";"148";"153"
"1399";"35";"Simulate";"흉내내다, 모의시험하다 ";"2";"145";"150"
"1400";"35";"Fatigue";"피로, 피곤하게 하다";"2";"131";"154"
"1401";"36";"Clone";"복제(하다), 생물, 클론 ";"2";"121";"123"
"1402";"36";"Peel";"~의 껍질을 벗기다";"2";"127";"136"
"1403";"36";"Ease";"진정시키다, 편함";"2";"128";"139"
"1404";"36";"Except";"제외하다";"2";"125";"130"
"1405";"36";"Prophecy";"예언";"1";"124";"139"
"1406";"36";"Flea";"벼룩";"1";"117";"121"
"1407";"36";"Vaccine";"백신 ";"1";"143";"148"
"1408";"36";"Tread";"밟다, 건다, 밟음";"1";"125";"143"
"1409";"36";"Vomit";"토하다";"2";"131";"139"
"1410";"36";"Explore";"탐험하다";"2";"123";"125"
"1411";"36";"Correspond";"일치하다 ";"3";"116";"132"
"1412";"36";"Cling";"달라붙다, 집착하다";"2";"122";"131"
"1413";"36";"Mutation";"변화, 돌연변이";"1";"125";"139"
"1414";"36";"Fund";"기금, 자금을 제공하다";"1";"118";"122"
"1415";"36";"Tyrant";"폭군, 전제 군주";"1";"123";"131"
"1416";"36";"Odd";"이상한";"2";"115";"124"
"1417";"36";"Intriguing";"아주 흥미로운";"1";"118";"135"
"1418";"36";"Restrain";"억제하다, 구속하다 ";"3";"122";"137"
"1419";"36";"Bundle";"묶음, 꾸러미";"2";"109";"113"
"1420";"36";"Enclose";"~을 동봉하다";"3";"118";"135"
"1421";"36";"Insert";"삽입하다 ";"3";"140";"147"
"1422";"36";"Keen";"날카로운, 예민한";"2";"139";"156"
"1423";"36";"Constrict";"죄다, 수축시키다";"1";"115";"139"
"1424";"36";"Submit";"복종시키다, 복종하다";"3";"111";"130"
"1425";"36";"Reputation";"평판, 명성";"2";"128";"133"
"1426";"36";"Measurement";"측량, 측정";"1";"113";"119"
"1427";"36";"Originate";"시작되다";"2";"110";"114"
"1428";"36";"Flour";"밀가루";"2";"141";"152"
"1429";"36";"Testify";"검증하다, 증명하다";"3";"127";"132"
"1430";"36";"Celsius";"섭씨(의)";"1";"123";"129"
"1431";"36";"Patriot";"애국자";"3";"118";"129"
"1432";"36";"Interchange";"교환(하다)";"1";"118";"124"
"1433";"36";"Intuitive";"직관적인, 직관에 의한";"1";"144";"152"
"1434";"36";"Garment";"의복";"3";"117";"130"
"1435";"36";"Spontaneous";"자발적인";"2";"94";"115"
"1436";"36";"Vertical";"수직의";"3";"121";"125"
"1437";"36";"Manipulate";"조종하다, 조작하다";"3";"115";"125"
"1438";"36";"Rough";"거친, 난폭한";"1";"122";"128"
"1439";"36";"Mentor";"조언자";"1";"124";"128"
"1440";"36";"Vivid";"생생한";"3";"145";"149"
"1441";"37";"Pasture";"목초지, 목장";"2";"86";"94"
"1442";"37";"Humble";"겸손한";"3";"92";"98"
"1443";"37";"Crust";"껍질, 지각";"2";"82";"83"
"1444";"37";"Inevitable";"피할 수 없는";"3";"72";"78"
"1445";"37";"Plunge";"뛰어들다, 던져넣다";"2";"74";"92"
"1446";"37";"Gather";"모으다";"2";"103";"107"
"1447";"37";"Emigrate";"(타국으로) 이주하다";"2";"88";"92"
"1448";"37";"Forehead";"이마";"3";"94";"97"
"1449";"37";"Deed";"행위, 업적";"1";"76";"87"
"1450";"37";"Skinny";"피골이 상접한, 마른";"1";"95";"97"
"1451";"37";"Grill";"석쇠(로 굽다)";"1";"86";"87"
"1452";"37";"Curse";"저주(하다)";"2";"85";"88"
"1453";"37";"Canal";"수로, 운하";"2";"90";"97"
"1454";"37";"Adverse";"거스르는, 반대의";"1";"80";"89"
"1455";"37";"Censorship";"검열";"1";"83";"92"
"1456";"37";"Wrist";"손목";"1";"91";"95"
"1457";"37";"Nasty";"더러운, 불쾌한";"2";"94";"100"
"1458";"37";"Flaw";"결점, 흠";"2";"70";"76"
"1459";"37";"Outgoing";"외향적인";"1";"91";"96"
"1460";"37";"Dye";"염료, 염색하다";"1";"71";"75"
"1461";"37";"Mound";"마운드, 쌓아올리다";"1";"89";"91"
"1462";"37";"Segregation";"인종 차별, 분리";"1";"89";"97"
"1463";"37";"Cemetery";"공동묘지";"2";"83";"91"
"1464";"37";"Underlying";"기초를 이루는";"1";"97";"100"
"1465";"37";"Contemplate";"~을 숙고하다";"2";"85";"97"
"1466";"37";"Riddle";"수수께끼";"2";"78";"88"
"1467";"37";"Sprinkle";"~을 뿌리다, 끼얹다 ";"1";"85";"90"
"1468";"37";"Irrigation";"관개";"1";"75";"90"
"1469";"37";"Consecutive";"연속적인, 일관된 ";"1";"93";"103"
"1470";"37";"Superficial";"표면상의, 피상적인";"3";"88";"91"
"1471";"37";"Refuge";"피난(처)";"2";"83";"106"
"1472";"37";"Swear";"맹세하다";"2";"66";"73"
"1473";"37";"Allergy";"알레르기";"1";"93";"97"
"1474";"37";"Semiconductor";"반도체 ";"1";"72";"79"
"1475";"37";"Endeavor";"노력(하다)";"2";"73";"89"
"1476";"37";"Erect";"세우다, 똑바로 선";"3";"69";"80"
"1477";"37";"Feminine";"여성의";"2";"87";"88"
"1478";"37";"Drowsy";"졸리는";"1";"90";"104"
"1479";"37";"Inspect";"검사하다, 점검하다 ";"3";"78";"82"
"1480";"37";"Carriage";"마차, 탈 것";"2";"92";"97"
"1481";"38";"Primitive";"원시의, 초기의";"1";"84";"88"
"1482";"38";"Compress";"압축하다 ";"1";"114";"120"
"1483";"38";"Govern";"다스리다";"1";"99";"104"
"1484";"38";"Abort";"유산하다, 낙태하다";"1";"80";"93"
"1485";"38";"Shatter";"산산이 부서지다, 파편";"2";"96";"103"
"1486";"38";"Exaggerate";"과장해서 말하다";"3";"96";"101"
"1487";"38";"Bass";"저음, 베이스";"1";"114";"117"
"1488";"38";"Commemorate";"~을 기념하다 ";"2";"105";"116"
"1489";"38";"Steep";"가파른, 경사가 급한";"2";"98";"101"
"1490";"38";"Forfeit";"벌금";"1";"91";"105"
"1491";"38";"Toxic";"유독한, 중독의";"2";"113";"117"
"1492";"38";"Transition";"변천, 과도기";"1";"107";"113"
"1493";"38";"Chronic";"만성적인, 장기간의";"2";"87";"93"
"1494";"38";"Designate";"지정하다, 가리키다";"2";"98";"107"
"1495";"38";"Slot";"투입 구멍";"1";"103";"108"
"1496";"38";"Intense";"강렬한";"2";"101";"107"
"1497";"38";"Sequence";"순서, 결과, 연속 ";"3";"108";"112"
"1498";"38";"Nuisance";"귀찮은 사람, 성가신 것";"1";"73";"78"
"1499";"38";"Vulnerable";"취약한, 상처 입기 쉬운";"2";"96";"103"
"1500";"38";"Numerous";"다수의, 수많은";"1";"102";"109"
"1501";"38";"Shiver";"떨림, 떨다 ";"1";"105";"110"
"1502";"38";"Retarded";"발달이 뒤진 ";"1";"96";"105"
"1503";"38";"Ongoing";"진행(중인) ";"1";"93";"99"
"1504";"38";"Mention";"언급(하다)";"3";"96";"98"
"1505";"38";"Executive";"집행의, 경영의, 임원, 경영진";"1";"104";"111"
"1506";"38";"Chaos";"혼돈, 무질서";"2";"100";"107"
"1507";"38";"Microscope";"현미경 ";"2";"97";"98"
"1508";"38";"Belonging";"소유물, 소지품";"1";"101";"109"
"1509";"38";"Implication";"함축, 암시";"1";"97";"103"
"1510";"38";"Appetite";"식욕";"3";"103";"107"
"1511";"38";"Authentic";"진짜의 ";"1";"81";"97"
"1512";"38";"Compel";"강요하다, ~하게 만들다";"1";"97";"106"
"1513";"38";"Recommend";"추천하다";"3";"113";"116"
"1514";"38";"Index";"지수, 색인";"2";"99";"105"
"1515";"38";"Incline";"내키게 하다";"2";"75";"101"
"1516";"38";"Attain";"~을 달성하다";"3";"101";"109"
"1517";"38";"Innate";"천부적인, 본질적인";"2";"112";"122"
"1518";"38";"Ingenuity";"솜씨, 독창력";"1";"102";"119"
"1519";"38";"Record";"기록(하다), 증언 ";"2";"106";"112"
"1520";"38";"Bias";"편견";"2";"91";"98"
"1521";"39";"Seize";"잡다";"1";"102";"114"
"1522";"39";"Screw";"나사(로 고정하다) ";"1";"125";"132"
"1523";"39";"Refuse";"거절하다";"3";"119";"119"
"1524";"39";"Upcoming";"다가오는";"1";"105";"110"
"1525";"39";"Savage";"야만스런, 잔인한, 야만인";"2";"115";"122"
"1526";"39";"Province";"지방";"2";"117";"133"
"1527";"39";"Coordinate";"조정하다, 동등한 ";"2";"98";"120"
"1528";"39";"Regard";"~으로 여기다, 관계";"3";"112";"120"
"1529";"39";"Deficient";"부족한, 불완전한 ";"2";"89";"100"
"1530";"39";"Outlaw";"금지하다, 무효화하다";"1";"111";"131"
"1531";"39";"Preview";"미리보기, 예고편, 시사회 ";"3";"123";"124"
"1532";"39";"Equivalent";"동등한, 상당하는 ";"3";"109";"114"
"1533";"39";"Loom";"베틀";"1";"90";"99"
"1534";"39";"Register";"등록(하다), 기재하다 ";"3";"130";"136"
"1535";"39";"Purple";"자주색(의)";"1";"113";"115"
"1536";"39";"Privilege";"특권(을 주다)";"3";"116";"120"
"1537";"39";"Squeeze";"~을 짜내다";"2";"108";"109"
"1538";"39";"Justify";"정당화하다";"3";"103";"109"
"1539";"39";"Breakthrough";"비약적 발전";"1";"108";"124"
"1540";"39";"Consent";"동의(하다) ";"3";"102";"116"
"1541";"39";"Orphan";"고아 ";"1";"100";"105"
"1542";"39";"Negotiate";"협상하다 ";"2";"123";"136"
"1543";"39";"Recipe";"조리법";"2";"105";"108"
"1544";"39";"Deceive";"속이다";"3";"111";"120"
"1545";"39";"Sweep";"휩쓸다, 청소하다";"2";"113";"118"
"1546";"39";"Profile";"옆모습, 인물 소개";"1";"105";"109"
"1547";"39";"Enterprise";"기업, 사업";"3";"122";"132"
"1548";"39";"Successive";"연속되는";"2";"128";"133"
"1549";"39";"Paradox";"역설, 패러독스";"1";"87";"90"
"1550";"39";"Surpass";"~을 능가하다";"3";"115";"124"
"1551";"39";"Correlation";"상관관계, 상호관련";"1";"91";"97"
"1552";"39";"Magnitude";"거대함";"3";"124";"136"
"1553";"39";"Aesthetics";"미학";"1";"110";"114"
"1554";"39";"Earnest";"진심, 진지한";"1";"96";"110"
"1555";"39";"Slaughter";"도살(하다), 대학살";"1";"115";"129"
"1556";"39";"Surrender";"넘겨주다";"3";"105";"118"
"1557";"39";"Philosophy";"철학";"1";"109";"111"
"1558";"39";"Deplete";"고갈시키다, 격감시키다";"2";"90";"105"
"1559";"39";"Admire";"감탄하다, 존경하다";"2";"110";"115"
"1560";"39";"Deform";"불구로 만들다, 변형시키다";"1";"114";"121"
"1561";"40";"Thrill";"스릴, 전율, 감동(흥분)시키다";"2";"86";"94"
"1562";"40";"Afford";"~할 여유가 있다";"2";"106";"111"
"1563";"40";"Blunt";"무뚝뚝한, 퉁명스러운";"1";"78";"93"
"1564";"40";"Sprint";"단거리경주, 전력질주";"2";"97";"109"
"1565";"40";"Aid";"돕다, 도움, 조력";"2";"87";"103"
"1566";"40";"Tense";"팽팽한, 긴장한, 긴장시키다";"1";"96";"101"
"1567";"40";"Primary";"주요한, 첫째의, 초기의";"1";"86";"91"
"1568";"40";"Timber";"목재";"2";"83";"96"
"1569";"40";"Collaborate";"협력하다 ";"2";"100";"115"
"1570";"40";"Aim";"겨냥하다, 조준";"2";"72";"76"
"1571";"40";"Bet";"내기(를 걸다)";"1";"81";"91"
"1572";"40";"Stance";"서 있는 자세, 태도 ";"1";"99";"107"
"1573";"40";"Blow";"바람에 날리다";"2";"106";"111"
"1574";"40";"Ballot";"투표, 투표용지, 투표하다";"1";"72";"82"
"1575";"40";"Division";"분할, 나누기";"1";"93";"100"
"1576";"40";"Acquaintance";"교제, 아는 사이";"1";"73";"85"
"1577";"40";"Boil";"끓다, 삶다";"1";"99";"103"
"1578";"40";"Contradict";"부정하다, 반박하다";"3";"83";"102"
"1579";"40";"Wealth";"부, 재산";"1";"99";"103"
"1580";"40";"Burst";"터뜨리다, 파열, 폭발";"2";"102";"106"
"1581";"40";"Cast";"내던지다, 쪼이다";"3";"75";"99"
"1582";"40";"Predicate";"단정하다";"1";"77";"100"
"1583";"40";"Psychic";"초능력이 있는, 초자연적인, 무당";"1";"97";"103"
"1584";"40";"Paddle";"노(를 젓다)";"1";"99";"106"
"1585";"40";"Steer";"~을 조종하다, 인도하다";"2";"92";"123"
"1586";"40";"Verbal";"말의, 구두의";"2";"81";"89"
"1587";"40";"Bid";"~을 말하다, 명령하다";"2";"89";"114"
"1588";"40";"Suppose";"가정하다, 추측하다";"2";"104";"112"
"1589";"40";"Unpredictable";"예측할 수 없는";"1";"83";"90"
"1590";"40";"Temperament";"기질, 성질";"2";"89";"99"
"1591";"40";"Harass";"~을 괴롭히다, 침략하다";"1";"102";"110"
"1592";"40";"Compost";"혼합물, 퇴비";"1";"82";"97"
"1593";"40";"Tribute";"증정물";"1";"77";"109"
"1594";"40";"Artery";"동맥";"2";"94";"117"
"1595";"40";"Mandate";"명령하다, 위임하다";"1";"88";"104"
"1596";"40";"Housewarming";"집들이";"1";"81";"84"
"1597";"40";"Slum";"빈민가";"1";"93";"103"
"1598";"40";"Gracious";"상냥한, 우아한";"1";"66";"74"
"1599";"40";"Spike";"대못(을 박다)";"1";"88";"99"
"1600";"40";"Conflict";"충돌하다, 투쟁";"3";"92";"99"
"1601";"41";"Sophisticated";"세련된";"3";"90";"100"
"1602";"41";"Fiery";"불의, 불같은, 열렬한";"1";"87";"97"
"1603";"41";"Enlightenment";"계몽, 개화, 깨달음";"1";"95";"108"
"1604";"41";"Cosmetic";"화장품, 미용의";"1";"91";"100"
"1605";"41";"Oval";"타원형의, 타원체";"2";"82";"88"
"1606";"41";"Aspire";"열망하다, 동경하다";"3";"87";"99"
"1607";"41";"Obstruct";"막다, 방해하다";"2";"80";"87"
"1608";"41";"Patrol";"순찰(병)(하다)";"2";"85";"92"
"1609";"41";"Accelerate";"가속하다, 촉진하다";"2";"77";"85"
"1610";"41";"Heatstroke";"일사병, 열사병";"1";"89";"95"
"1611";"41";"Catalog";"카탈로그, 목록";"1";"87";"94"
"1612";"41";"Veteran";"경험이 많은, 베테랑";"2";"100";"105"
"1613";"41";"Dramatic";"연극의";"1";"112";"120"
"1614";"41";"Vocation";"직업, 천직";"2";"87";"90"
"1615";"41";"Vegetarian";"채식의, 채식주의자의";"2";"101";"107"
"1616";"41";"Stereotype";"인습, 고정관념";"1";"82";"90"
"1617";"41";"Fellow";"사나이, 동료, 동료의";"2";"77";"93"
"1618";"41";"Sneak";"살금살금 움직이다";"1";"95";"99"
"1619";"41";"Perish";"죽다, 소멸하다";"3";"94";"108"
"1620";"41";"Inseparable";"떨어질 수 없는";"1";"88";"95"
"1621";"41";"Statesman";"정치가";"2";"101";"108"
"1622";"41";"Connotation";"함축, 내포";"1";"90";"106"
"1623";"41";"Decode";"해독하다";"1";"73";"84"
"1624";"41";"Hollow";"속이 빈, 움푹한 곳";"2";"95";"104"
"1625";"41";"Apron";"앞치마, 에이프런";"2";"90";"99"
"1626";"41";"Mortgage";"저당, 주택 융자";"2";"80";"90"
"1627";"41";"Rebel";"반역자, 반역을 일으키다";"2";"88";"103"
"1628";"41";"Shabby";"누추한, 초라한";"2";"82";"98"
"1629";"41";"Latter";"나중 쪽의, 후자의";"1";"88";"101"
"1630";"41";"Illuminate";"밝게 비추다";"1";"96";"108"
"1631";"41";"Mimic";"모방하다, 흉내를 잘내는";"2";"84";"97"
"1632";"41";"Unearth";"발굴하다, 발견하다";"1";"82";"91"
"1633";"41";"Wail";"울부짖다, 울부짖음";"2";"77";"81"
"1634";"41";"Shudder";"떨다, 몸서리치다";"2";"80";"93"
"1635";"41";"Stride";"성큼성큼 걷다";"2";"74";"85"
"1636";"41";"Applicant";"신청자, 지원자";"1";"82";"85"
"1637";"41";"Disprove";"오류를 증명하다";"1";"76";"86"
"1638";"41";"Disturb";"방해하다, 어지럽히다";"3";"77";"81"
"1639";"41";"Marriage";"결혼, 혼인";"1";"87";"88"
"1640";"41";"Hemisphere";"반구(체)";"3";"84";"89"
"1641";"42";"Recur";"재발하다";"2";"101";"107"
"1642";"42";"Escape";"달아나다, 탈출, 도망";"2";"98";"100"
"1643";"42";"Elastic";"탄력 있는";"2";"94";"99"
"1644";"42";"Saint";"성인";"2";"92";"97"
"1645";"42";"Stubborn";"완고한, 고집이 센";"2";"78";"85"
"1646";"42";"Suicide";"자살";"3";"86";"88"
"1647";"42";"Lure";"유혹하다, 매력";"1";"86";"90"
"1648";"42";"Underprivileged";"혜택 받지 못한";"1";"101";"103"
"1649";"42";"Lavatory";"세면장, 화장실";"1";"94";"101"
"1650";"42";"Sway";"흔들림, 흔들리다";"1";"96";"97"
"1651";"42";"Examine";"검사하다, 진찰하다";"1";"81";"84"
"1652";"42";"Compromise";"타협(하다)";"3";"87";"92"
"1653";"42";"Foremost";"주요한, 으뜸가는";"3";"87";"89"
"1654";"42";"Precaution";"조심, 예방조치";"2";"98";"101"
"1655";"42";"Torture";"고문(하다)";"3";"80";"86"
"1656";"42";"Peep";"엿보다, 엿보기";"1";"76";"79"
"1657";"42";"Morale";"사기, 의욕";"2";"90";"101"
"1658";"42";"Religious";"종교(상)의, 종교적인";"1";"81";"82"
"1659";"42";"Obligation";"의무";"1";"97";"101"
"1660";"42";"Pest";"해충, 역병";"2";"99";"101"
"1661";"42";"Incorporate";"통합시키다";"1";"89";"96"
"1662";"42";"Subdue";"정복하다, 진압하다";"1";"62";"70"
"1663";"42";"Regime";"정권";"2";"82";"87"
"1664";"42";"Terminate";"끝내다";"2";"81";"86"
"1665";"42";"Inject";"주사하다";"3";"87";"90"
"1666";"42";"Theft";"도둑질";"1";"87";"91"
"1667";"42";"Folklore";"민속";"1";"96";"99"
"1668";"42";"Vast";"막대한, 방대한";"2";"81";"86"
"1669";"42";"Preliminary";"예비의, 임시의";"2";"92";"94"
"1670";"42";"Meanwhile";"한편, 그 동안에";"2";"64";"67"
"1671";"42";"Painkiller";"진통제";"1";"90";"95"
"1672";"42";"Amend";"수정하다, 고치다";"2";"78";"86"
"1673";"42";"Recess";"휴식, 휴업";"2";"74";"89"
"1674";"42";"Shelter";"피난하다, 피난처";"2";"94";"96"
"1675";"42";"Autonomy";"자치, 자율";"1";"92";"98"
"1676";"42";"Outfit";"용품, 의복";"1";"93";"98"
"1677";"42";"Mourn";"슬퍼하다, 애도하다";"2";"81";"90"
"1678";"42";"Evoke";"일깨우다";"1";"93";"94"
"1679";"42";"Stretch";"잡아늘리다, 신축성";"1";"93";"94"
"1680";"42";"Latitude";"위도";"2";"91";"92"
"1681";"43";"Patch";"헝겊조각(을 붙이다)";"2";"91";"97"
"1682";"43";"Maternal";"어머니의, 모계의";"1";"79";"88"
"1683";"43";"Pharmacy";"약국";"2";"102";"107"
"1684";"43";"Burden";"짐, 부담";"1";"96";"103"
"1685";"43";"Prestigious";"명성이 있는";"1";"93";"98"
"1686";"43";"Friction";"마찰";"2";"95";"101"
"1687";"43";"Unless";"~이 아닌 한, 만약 ~이 아니면";"1";"102";"103"
"1688";"43";"Defend";"방어하다, 수비하다";"1";"84";"85"
"1689";"43";"Fraud";"사기, 속임";"2";"74";"85"
"1690";"43";"Translate";"번역하다, 옮기다";"1";"85";"88"
"1691";"43";"Easygoing";"태평스러운, 안이한 ";"1";"93";"97"
"1692";"43";"Monastery";"수도원";"1";"91";"116"
"1693";"43";"Trade";"교환하다, 무역";"1";"79";"83"
"1694";"43";"Insomnia";"불면증";"1";"89";"94"
"1695";"43";"Intermediate";"중간의, 중간물 ";"2";"73";"80"
"1696";"43";"Transport";"운반하다, 수송";"3";"83";"87"
"1697";"43";"Paradigm";"패러다임, 이론적 틀";"1";"82";"84"
"1698";"43";"Breast";"가슴";"2";"87";"91"
"1699";"43";"Anthropology";"인류학 ";"2";"79";"84"
"1700";"43";"Premature";"조숙한";"2";"79";"88"
"1701";"43";"Dual";"둘의, 이중의 ";"1";"89";"93"
"1702";"43";"Fiber";"섬유(질)";"1";"90";"96"
"1703";"43";"Irony";"반어법, 아이러니";"1";"85";"87"
"1704";"43";"Spectator";"아주, 완전히";"1";"67";"113"
"1705";"43";"Medieval";"중세의";"2";"87";"91"
"1706";"43";"Analogy";"유추, 비슷함";"1";"75";"87"
"1707";"43";"Snatch";"잡아채다";"2";"96";"98"
"1708";"43";"Upset";"마음이 상한, 당황한";"3";"91";"93"
"1709";"43";"Throughout";"도처에, 곳곳에";"1";"94";"104"
"1710";"43";"Slogan";"선전 문구, 슬로건 ";"2";"96";"100"
"1711";"43";"Composure";"침착, 평정";"1";"70";"82"
"1712";"43";"Incurable";"불치의, 불치 환자";"2";"81";"85"
"1713";"43";"Revenge";"복수(하다)";"2";"83";"86"
"1714";"43";"Indulge";"탐닉하다";"2";"80";"96"
"1715";"43";"Meadow";"목초지, 초원";"1";"91";"98"
"1716";"43";"Venture";"모험(하다)";"3";"91";"98"
"1717";"43";"Deflect";"비끼다, 빗나가다 ";"1";"107";"113"
"1718";"43";"Adorable";"귀여운, 사랑스러운";"1";"90";"99"
"1719";"43";"Complacent";"만족해하는";"2";"89";"100"
"1720";"43";"Sturdy";"견고한, 강건한";"2";"111";"119"
"1721";"44";"Narcissism";"자기도취증, 나르시시즘";"1";"27";"28"
"1722";"44";"Lurk";"숨다, 잠복하다";"2";"46";"49"
"1723";"44";"Advance";"나아가게 하다, 전진";"3";"42";"44"
"1724";"44";"Manifest";"증명하다";"1";"37";"48"
"1725";"44";"Imperial";"제국의, 황제의 ";"3";"40";"49"
"1726";"44";"Duration";"지속(기간)";"2";"47";"49"
"1727";"44";"Populate";"거주시키다";"2";"34";"37"
"1728";"44";"Frugal";"검소한, 절약하는";"2";"30";"36"
"1729";"44";"Phony";"가짜(의), 사기꾼";"1";"39";"41"
"1730";"44";"Beaver";"근면한 사람";"1";"29";"30"
"1731";"44";"Comprise";"포함하다, 구성하다";"1";"33";"41"
"1732";"44";"Textile";"직물(의), 방직의";"3";"47";"48"
"1733";"44";"Patron";"후원자";"2";"39";"41"
"1734";"44";"Spouse";"배우자 ";"1";"31";"35"
"1735";"44";"Approximate";"~에 가까워지다, 대략의";"2";"44";"47"
"1736";"44";"Ban";"금지(하다)";"2";"48";"49"
"1737";"44";"Parallel";"평행의, 평행선";"2";"40";"42"
"1738";"44";"Sarcastic";"비꼬는, 풍자적인";"1";"33";"37"
"1739";"44";"Terrain";"지형, 지역";"1";"42";"46"
"1740";"44";"Toll";"사용세, 통행료";"1";"48";"50"
"1741";"44";"Warfare";"전쟁, 교전 상태 ";"1";"48";"53"
"1742";"44";"Mortal";"죽을 운명의, 치명적인";"3";"49";"51"
"1743";"44";"Humanity";"인류";"1";"53";"54"
"1744";"44";"Crispy";"바삭바삭한, 부서지기 쉬운 ";"1";"43";"45"
"1745";"44";"Headmaster";"교장";"1";"49";"50"
"1746";"44";"Rubbish";"쓰레기, 폐기물";"1";"45";"47"
"1747";"44";"Feeble";"가냘픈, 연약한";"1";"28";"31"
"1748";"44";"Clumsy";"어색한, 서투른";"2";"45";"49"
"1749";"44";"Subsequent";"그후의";"2";"48";"51"
"1750";"44";"Daze";"멍한 상태, 멍하게 하다 ";"1";"37";"42"
"1751";"44";"Caravan";"여행자 무리, 순례자 무리";"1";"54";"57"
"1752";"44";"Countless";"셀 수 없는, 무수한";"1";"41";"41"
"1753";"44";"Condense";"농축하다, 요약하다 ";"3";"36";"40"
"1754";"44";"Stout";"뚱뚱한";"2";"41";"55"
"1755";"44";"Poise";"균형(을 잡다)";"1";"42";"43"
"1756";"44";"Disciple";"문하생, 제자";"1";"39";"45"
"1757";"44";"Gust";"돌풍, 질풍";"2";"43";"47"
"1758";"44";"Hail";"싸락눈, 우박(이 내리다)";"1";"46";"50"
"1759";"44";"Collective";"집합적인, 집단적인, 집단";"1";"40";"42"
"1760";"44";"Scope";"범위, 시야";"1";"35";"36"
"1761";"45";"Border";"접하다, 가장자리";"2";"33";"37"
"1762";"45";"Frontier";"국경(의)";"2";"42";"44"
"1763";"45";"Withhold";"억누르다, 억제하다";"3";"44";"46"
"1764";"45";"Amnesty";"사면(하다)";"1";"34";"40"
"1765";"45";"Stall";"마구간, 우리";"2";"41";"42"
"1766";"45";"Apparatus";"장치, 기기 ";"3";"35";"39"
"1767";"45";"Compatible";"모순이 없는";"2";"47";"56"
"1768";"45";"Detest";"혐오하다, 미워하다";"1";"37";"41"
"1769";"45";"Vanity";"허영심, 허무함";"2";"46";"49"
"1770";"45";"Firsthand";"직접(의), 바로";"2";"30";"30"
"1771";"45";"Obesity";"비만, 비대";"1";"40";"41"
"1772";"45";"Dilemma";"진퇴양난, 딜레마, 궁지";"2";"54";"55"
"1773";"45";"Render";"~이 되게 하다";"3";"40";"41"
"1774";"45";"Indispensable";"필수 불가결한";"2";"36";"36"
"1775";"45";"Structural";"구조(상)의, 조직(상)의";"1";"49";"49"
"1776";"45";"Bother";"일부러 ~하다, 괴롭히다";"2";"44";"45"
"1777";"45";"Counteract";"중화시키다, 약화시키다 ";"1";"33";"38"
"1778";"45";"Static";"정적인, 고정된";"1";"43";"43"
"1779";"45";"Sheriff";"보안관";"1";"41";"41"
"1780";"45";"Charge";"채우다, 청구하다";"3";"34";"35"
"1781";"45";"Discourse";"강연, 담화 ";"1";"38";"45"
"1782";"45";"Bribe";"뇌물(을 주다)";"2";"41";"42"
"1783";"45";"Juggle";"잘 처리하다";"1";"34";"38"
"1784";"45";"Perspiration";"땀, 노력 ";"2";"35";"43"
"1785";"45";"Retention";"보유, 기억(력)";"1";"29";"33"
"1786";"45";"Valiant";"용감한 ";"1";"37";"40"
"1787";"45";"Cheer";"성원하다, 환호, 갈채";"2";"53";"54"
"1788";"45";"Distress";"고민, 고통";"2";"44";"44"
"1789";"45";"Nursery";"육아실, 탁아소";"2";"30";"31"
"1790";"45";"Encircle";"둘러싸다";"1";"46";"46"
"1791";"45";"Notion";"개념, 의견";"3";"39";"41"
"1792";"45";"Disgust";"혐오감";"2";"35";"37"
"1793";"45";"Fragment";"일부분, 부서진 조각 ";"3";"43";"45"
"1794";"45";"Correct";"바로잡다, 옳은";"3";"45";"48"
"1795";"45";"Oversee";"감독하다, 감시하다";"1";"45";"51"
"1796";"45";"Creep";"기다, 포복, 서행";"2";"42";"43"
"1797";"45";"Rational";"이성적인, 합리적인";"3";"31";"34"
"1798";"45";"Clarify";"명백히하다";"1";"44";"49"
"1799";"45";"Dissolve";"용해하다";"2";"37";"39"
"1800";"45";"Deterioration";"악화, 하락";"1";"38";"44"
"1801";"46";"Janitor";"문지기, 관리인 ";"1";"46";"48"
"1802";"46";"Blush";"얼굴을 붉히다";"2";"58";"58"
"1803";"46";"Intervene";"사이에 끼어들다";"2";"40";"43"
"1804";"46";"Nomad";"유목민, 방랑자";"1";"46";"46"
"1805";"46";"Cure";"치료하다, 치유, 회복";"2";"46";"48"
"1806";"46";"Cuisine";"요리(법)";"2";"44";"46"
"1807";"46";"Dare";"감히 ~하다";"2";"45";"46"
"1808";"46";"Solvent";"용해력이 있는, 용제";"1";"48";"49"
"1809";"46";"Cultivate";"경작하다";"3";"42";"45"
"1810";"46";"Ascent";"상승, 오름";"1";"48";"50"
"1811";"46";"Spur";"자극, 고무";"2";"43";"45"
"1812";"46";"Discern";"분별하다 ";"3";"44";"50"
"1813";"46";"Scheme";"계획(하다), 음모";"2";"47";"49"
"1814";"46";"Reproach";"비난(하다)";"1";"38";"47"
"1815";"46";"Publicity";"널리 알려짐, 명성";"1";"37";"39"
"1816";"46";"Declare";"선언하다";"3";"43";"43"
"1817";"46";"Brisk";"활발한, 번창하는, 상쾌한";"1";"34";"39"
"1818";"46";"Exile";"망명(자)(시키다)";"1";"39";"44"
"1819";"46";"Disappoint";"실망시키다";"2";"51";"52"
"1820";"46";"Handle";"다루다 ";"2";"37";"40"
"1821";"46";"Fling";"내던지다, 돌진하다";"2";"38";"42"
"1822";"46";"Contagious";"전염성의, 감염성의";"1";"35";"39"
"1823";"46";"Constraint";"강제, 압박, 거북스러움";"1";"32";"37"
"1824";"46";"Unanimous";"만장일치의, 합의의";"2";"40";"42"
"1825";"46";"Itch";"가려움, 가렵다";"2";"31";"32"
"1826";"46";"Delude";"속이다, 착각하게 하다";"2";"47";"50"
"1827";"46";"Dehydrate";"탈수하다";"1";"42";"46"
"1828";"46";"Underneath";"~의 아래에";"1";"43";"43"
"1829";"46";"Decree";"법령, 포고하다";"1";"38";"46"
"1830";"46";"Pinch";"~을 꼬집다, 괴롭히다";"2";"35";"36"
"1831";"46";"Punctual";"시간을 지키는";"3";"28";"31"
"1832";"46";"Last";"계속하다, 끈기";"2";"39";"41"
"1833";"46";"Thorn";"가시";"2";"49";"50"
"1834";"46";"Exert";"쓰다, 발휘하다 ";"2";"44";"47"
"1835";"46";"Aviate";"비행하다, 조종하다";"1";"42";"44"
"1836";"46";"Headquarters";"본부";"2";"44";"44"
"1837";"46";"Rectangular";"직사각형의";"1";"42";"43"
"1838";"46";"Delegate";"파견하다";"3";"37";"44"
"1839";"46";"Elect";"선출하다";"2";"47";"48"
"1840";"46";"Catastrophe";"대참사, 큰 재앙";"2";"51";"53"
"1841";"47";"Empathize";"공감하다";"1";"34";"35"
"1842";"47";"Expertise";"전문지식(기술)";"1";"50";"52"
"1843";"47";"Renovate";"~을 새롭게 하다";"1";"41";"42"
"1844";"47";"Wrench";"렌치";"1";"46";"46"
"1845";"47";"Interval";"간격, 틈";"1";"43";"44"
"1846";"47";"Experiment";"실험(하다)";"2";"39";"39"
"1847";"47";"Retort";"반박(하다) ";"1";"29";"35"
"1848";"47";"Strict";"엄한, 엄격한";"1";"37";"37"
"1849";"47";"Inherent";"선천적인, 본래의";"2";"43";"45"
"1850";"47";"Asthma";"천식";"1";"42";"43"
"1851";"47";"Realm";"왕국, 영토";"2";"38";"43"
"1852";"47";"Figure";"계산(하다), 숫자";"2";"33";"38"
"1853";"47";"Segment";"부분";"3";"50";"51"
"1854";"47";"Devote";"바치다";"1";"36";"37"
"1855";"47";"Coexist";"공존하다";"1";"49";"51"
"1856";"47";"Hospitality";"환대";"2";"43";"45"
"1857";"47";"Evolve";"발전하다, 진화하다";"1";"42";"43"
"1858";"47";"Estate";"소유지, 재산";"3";"41";"45"
"1859";"47";"Discreet";"분별있는, 사려깊은";"2";"35";"38"
"1860";"47";"Cripple";"~을 불구로 만들다";"2";"41";"42"
"1861";"47";"Tradition";"전통";"3";"30";"31"
"1862";"47";"Drawback";"문제점, 장애";"1";"43";"47"
"1863";"47";"Tactics";"방안, 전술";"1";"47";"49"
"1864";"47";"Dread";"공포, 무서워하다";"1";"36";"39"
"1865";"47";"Dispute";"논쟁, 토의하다";"3";"42";"47"
"1866";"47";"Console";"위로하다";"1";"44";"51"
"1867";"47";"Stack";"쌓아 올림, 쌓다, 쌓이다";"1";"41";"42"
"1868";"47";"Cynical";"냉소적인, 비꼬는";"1";"45";"46"
"1869";"47";"Reprove";"~을 꾸짖다, 책망하다";"2";"49";"59"
"1870";"47";"Verify";"검증하다, 입증하다";"1";"46";"50"
"1871";"47";"Engross";"열중하게 하다";"1";"48";"54"
"1872";"47";"Bulk";"크기, 부피";"1";"38";"43"
"1873";"47";"Despise";"경멸하다";"3";"56";"59"
"1874";"47";"Manuscript";"손으로 쓴 것, 필사본";"2";"54";"54"
"1875";"47";"Prehistoric";"선사 시대의";"1";"40";"40"
"1876";"47";"Barrel";"통, 1배럴";"1";"39";"39"
"1877";"47";"Predecessor";"앞서 있었던 것";"2";"53";"56"
"1878";"47";"Pastor";"목사, 종교 지도자";"1";"48";"50"
"1879";"47";"Proclaim";"선언하다";"3";"51";"52"
"1880";"47";"Subordinate";"하급의, 부차적인, 하급자";"1";"35";"38"
"1881";"48";"Furnish";"제공하다, 갖추다";"2";"40";"42"
"1882";"48";"Fume";"연기(나다)";"2";"45";"48"
"1883";"48";"Consious";"의식하고 있는, 의식";"1";"41";"42"
"1884";"48";"Staple";"주요한, 주요 산물";"1";"43";"47"
"1885";"48";"Reverence";"존경, 숭배";"1";"58";"62"
"1886";"48";"Rapid";"빠른, 신속한";"1";"48";"49"
"1887";"48";"Eloquent";"웅변의, 표현이 풍부한";"2";"27";"27"
"1888";"48";"Innermost";"가장 깊숙한";"1";"37";"37"
"1889";"48";"Hazardous";"위험한, 모험적인";"1";"40";"43"
"1890";"48";"Skull";"두개골";"1";"36";"36"
"1891";"48";"Detergent";"세제";"2";"41";"43"
"1892";"48";"Brutal";"야만적인, 짐승 같은";"2";"43";"46"
"1893";"48";"Rash";"발진, 뾰루지";"2";"36";"37"
"1894";"48";"Bypass";"우회하다, 우회로";"1";"44";"45"
"1895";"48";"Accommodate";"수용하다, 숙박시키다";"3";"38";"40"
"1896";"48";"Tact";"재치, 기지";"3";"33";"34"
"1897";"48";"Harm";"해치다, 손해, 손상";"2";"45";"46"
"1898";"48";"Hire";"고용하다";"1";"39";"40"
"1899";"48";"Melancholy";"우울한, 우울함";"2";"44";"50"
"1900";"48";"Perpetual";"영구의, 끊임없는";"1";"42";"46"
"1901";"48";"Eligible";"적격의, 적임자";"1";"42";"44"
"1902";"48";"Legacy";"유산";"3";"41";"43"
"1903";"48";"Monotonous";"단조로운, 지루한";"3";"54";"55"
"1904";"48";"Lecture";"강의(를 하다)";"2";"47";"48"
"1905";"48";"Simplicity";"간단, 단순, 도박";"1";"43";"43"
"1906";"48";"Ditch";"수로, 도랑";"2";"43";"44"
"1907";"48";"Reside";"거주하다";"3";"49";"51"
"1908";"48";"Enact";"법제화하다";"2";"41";"46"
"1909";"48";"Burnout";"극도의 피로, 쇠진";"1";"40";"42"
"1910";"48";"Presider";"주재자, 사회자";"1";"40";"44"
"1911";"48";"Newbie";"신출내기, 미숙자";"1";"42";"44"
"1912";"48";"Shuffle";"질질 끌며 걷다";"1";"36";"36"
"1913";"48";"Summarize";"요악하다";"1";"53";"55"
"1914";"48";"Eject";"~을 쫒아내다, 배출하다";"1";"39";"41"
"1915";"48";"Intersection";"교차(로), 횡단";"3";"40";"41"
"1916";"48";"Quest";"탐색, 탐구";"1";"44";"44"
"1917";"48";"Linear";"직선의, 길이의";"2";"43";"46"
"1918";"48";"Landslide";"산사태";"1";"46";"46"
"1919";"48";"Plausible";"그럴듯한";"2";"44";"45"
"1920";"48";"Overcome";"~를 압도하다, 극복하다";"3";"55";"57"
"1921";"49";"Merge";"~을 합병하다 ";"2";"29";"29"
"1922";"49";"Frantic";"광란의, 미친";"1";"48";"48"
"1923";"49";"Moan";"신음(하다)";"2";"59";"60"
"1924";"49";"Merchandise";"(집합적)상품";"2";"42";"42"
"1925";"49";"Respectively";"각각, 저마다";"2";"49";"51"
"1926";"49";"Yearn";"그리워하다";"2";"48";"52"
"1927";"49";"Conviction";"확신 ";"1";"50";"53"
"1928";"49";"Post";"붙이다, 우편";"1";"40";"43"
"1929";"49";"Reckon";"세다, 계산하다";"1";"47";"54"
"1930";"49";"Dusk";"땅거미, 어스름";"1";"50";"51"
"1931";"49";"Sustain";"지탱하다, 유지하다";"1";"39";"39"
"1932";"49";"Demolish";"파괴하다, 폐지하다";"1";"36";"40"
"1933";"49";"Progress";"전진(하다), 진보";"2";"35";"37"
"1934";"49";"Degenerate";"퇴보하다, 타락하다";"2";"47";"48"
"1935";"49";"Sentiment";"감상, 정서";"3";"55";"55"
"1936";"49";"Offspring";"자식, 새끼";"2";"41";"43"
"1937";"49";"Rent";"임대하다, 집세";"3";"47";"47"
"1938";"49";"Tackle";"다루다";"1";"49";"51"
"1939";"49";"Defy";"물리치다";"2";"46";"52"
"1940";"49";"Predator";"육식동물, 약탈자";"2";"50";"53"
"1941";"49";"Embed";"깊숙이 두다, 간직하다 ";"2";"45";"48"
"1942";"49";"Enchant";"~을 매혹하다";"2";"34";"39"
"1943";"49";"Detach";"떼어내다, 분리하다 ";"3";"57";"57"
"1944";"49";"Antagonist";"적대자, 라이벌";"1";"48";"50"
"1945";"49";"Thrust";"밀다, 밀치다";"3";"42";"44"
"1946";"49";"Creed";"신념, 교의";"2";"32";"34"
"1947";"49";"Endure";"참다, 인내하다, 견디다";"1";"36";"37"
"1948";"49";"Misplace";"잘못 두다";"2";"52";"52"
"1949";"49";"Auditory";"귀의, 청각의";"1";"38";"39"
"1950";"49";"Missionary";"선교사 ";"2";"55";"60"
"1951";"49";"Cosmopolitan";"세계적인, 세계주의의 ";"1";"49";"55"
"1952";"49";"Secondhand";"중고의";"2";"50";"50"
"1953";"49";"Multiple";"복합적인, 다수의";"1";"44";"44"
"1954";"49";"Refraction";"굴절";"1";"41";"41"
"1955";"49";"Range";"정렬시키다, 범위";"3";"44";"44"
"1956";"49";"Propel";"추진하다";"2";"39";"44"
"1957";"49";"Reptile";"파충류 ";"2";"52";"57"
"1958";"49";"Fixate";"고정시키다";"1";"50";"50"
"1959";"49";"Feat";"위업, 공적";"1";"54";"58"
"1960";"49";"Utensil";"가정용품, 기구, 용구";"2";"42";"45"
"1961";"50";"Penetrate";"침투하다, 꿰뚫다 ";"2";"48";"50"
"1962";"50";"Repair";"수선(하다)";"2";"37";"38"
"1963";"50";"Cringe";"위축되다, 굽실거리다";"1";"41";"51"
"1964";"50";"Notable";"주목 할만한";"2";"45";"53"
"1965";"50";"Grumble";"불평(하다)";"2";"50";"61"
"1966";"50";"Jest";"농담, 조롱";"1";"53";"64"
"1967";"50";"Scrutiny";"조사";"1";"48";"62"
"1968";"50";"Reckless";"부주의한, 무모한";"2";"58";"64"
"1969";"50";"Synthetic";"합성의";"3";"42";"56"
"1970";"50";"Productive";"생산적인, 다산의";"1";"44";"45"
"1971";"50";"Rule";"지배(하다), 규칙";"1";"47";"48"
"1972";"50";"Outset";"착수, 시작";"1";"51";"58"
"1973";"50";"Inaugural";"취임의, 취임사";"1";"33";"39"
"1974";"50";"Meek";"얌전한, 온순한";"1";"38";"40"
"1975";"50";"Kidnap";"유괴, 납치하다";"2";"51";"52"
"1976";"50";"Liable";"책임을 져야 할";"3";"38";"43"
"1977";"50";"Insane";"정신이상의, 비상식적인";"2";"42";"42"
"1978";"50";"Radius";"반지름";"1";"47";"48"
"1979";"50";"Compartment";"구획, 칸막이 ";"2";"44";"47"
"1980";"50";"Uncover";"폭로하다, (비밀 등을)알아내다";"1";"39";"47"
"1981";"50";"Limb";"사지, 팔다리 ";"1";"38";"38"
"1982";"50";"Barefoot";"맨발의, 맨발로 ";"1";"37";"41"
"1983";"50";"Prudent";"신중한, 빈틈없는";"2";"44";"51"
"1984";"50";"Registration";"기제, 등록";"1";"45";"51"
"1985";"50";"Grudge";"원한, 유감";"1";"45";"51"
"1986";"50";"Vend";"~을 판매하다";"1";"39";"59"
"1987";"50";"Tangle";"얽히게 하다, 혼란시키다";"2";"44";"49"
"1988";"50";"Relevant";"관련된, 적절한";"2";"49";"51"
"1989";"50";"Ambiguous";"애매모호한";"2";"52";"62"
"1990";"50";"Enthusiasm";"열정";"1";"35";"42"
"1991";"50";"Bankruptcy";"파산";"1";"39";"39"
"1992";"50";"Duel";"결투";"1";"33";"42"
"1993";"50";"Prosper";"번영하다, 번창하다";"2";"39";"42"
"1994";"50";"Phase";"양상, 현상";"3";"44";"46"
"1995";"50";"Veterinarian";"수의사";"1";"43";"46"
"1996";"50";"Counterattack";"역습(하다)";"2";"44";"44"
"1997";"50";"Cumulative";"누적되는, 점증적인";"1";"36";"36"
"1998";"50";"Weigh";"무게를 달다";"2";"45";"46"
"1999";"50";"Wound";"부상(당하게 하다)";"2";"36";"39"
"2000";"50";"Discrete";"분리된, 별개의";"1";"46";"63"
